candidate_id,entailment_correct,neutral_correct,contradiction_correct,ent_minus_con_correct,con_minus_ent_correct,max_prob_correct,entropy_correct
SBV2-ALL92-G002-SUPPORTED,0.8820996,0.10575319,0.012147114,0.8699525,-0.8699525,0.8820996,0.4018266
SBV2-ALL92-G002-MILD,0.4797904,0.49709085,0.023118768,0.45667163,-0.45667163,0.49709085,0.7869097
SBV2-ALL92-G002-STRONG,0.3164385,0.58098614,0.10257534,0.21386316,-0.21386316,0.58098614,0.9131746
SBV2-ALL92-G002-CONTRA,0.11696168,0.7814311,0.101607196,0.015354484,-0.015354484,0.7814311,0.6760513
SBV2-ALL92-G003-SUPPORTED,0.90548784,0.07260936,0.021902705,0.88358516,-0.88358516,0.90548784,0.36402133
SBV2-ALL92-G003-MILD,0.74566,0.23539668,0.018943306,0.7267167,-0.7267167,0.74566,0.63447267
SBV2-ALL92-G003-STRONG,0.18882532,0.7696544,0.04152027,0.14730506,-0.14730506,0.7696544,0.648365
SBV2-ALL92-G003-CONTRA,0.0053156116,0.95968604,0.03499827,-0.02968266,0.02968266,0.95968604,0.18465883
SBV2-ALL92-G004-SUPPORTED,0.70503914,0.23478356,0.060177308,0.6448618,-0.6448618,0.70503914,0.75576127
SBV2-ALL92-G004-MILD,0.09231494,0.8721972,0.035487767,0.056827176,-0.056827176,0.8721972,0.4576872
SBV2-ALL92-G004-STRONG,0.09475496,0.21539597,0.6898491,-0.59509414,0.59509414,0.6898491,0.81010777
SBV2-ALL92-G004-CONTRA,0.18136017,0.17259988,0.64603996,-0.46467978,0.46467978,0.64603996,0.89510167
SBV2-ALL92-G007-SUPPORTED,0.008547058,0.96203816,0.029414777,-0.020867718,0.020867718,0.96203816,0.18165863
SBV2-ALL92-G007-MILD,0.0074460115,0.97105,0.02150397,-0.0140579585,0.0140579585,0.97105,0.14757773
SBV2-ALL92-G007-STRONG,0.010265479,0.98176044,0.007974115,0.0022913637,-0.0022913637,0.98176044,0.10360487
SBV2-ALL92-G007-CONTRA,0.011786064,0.6518565,0.33635753,-0.32457146,0.32457146,0.6518565,0.69777817
SBV2-ALL92-G008-SUPPORTED,0.52281725,0.4153856,0.06179716,0.46102008,-0.46102008,0.52281725,0.87603235
SBV2-ALL92-G008-MILD,0.012163835,0.9551128,0.03272338,-0.020559544,0.020559544,0.9551128,0.20940119
SBV2-ALL92-G008-STRONG,0.027207606,0.4263896,0.54640275,-0.51919514,0.51919514,0.54640275,0.7917638
SBV2-ALL92-G008-CONTRA,0.02500523,0.6156339,0.35936084,-0.33435562,0.33435562,0.6156339,0.7586618
SBV2-ALL92-G011-SUPPORTED,0.0594526,0.7866653,0.15388209,-0.094429485,0.094429485,0.7866653,0.64457256
SBV2-ALL92-G011-MILD,0.014601594,0.9721686,0.013229765,0.0013718288,-0.0013718288,0.9721686,0.14637841
SBV2-ALL92-G011-STRONG,0.060982518,0.8805702,0.058447316,0.0025352016,-0.0025352016,0.8805702,0.44854295
SBV2-ALL92-G011-CONTRA,0.086209886,0.8878044,0.025985735,0.060224153,-0.060224153,0.8878044,0.41180336
SBV2-ALL92-G013-C01,0.05811007,0.8909618,0.05092799,0.0071820803,-0.0071820803,0.8909618,0.41984227
SBV2-ALL92-G013-C02,0.5896682,0.34056538,0.069766365,0.5199019,-0.5199019,0.5896682,0.86405945
SBV2-ALL92-G013-C03,0.13494733,0.79473114,0.07032158,0.06462575,-0.06462575,0.79473114,0.6395537
SBV2-ALL92-G013-C04,0.020852104,0.047414433,0.9317335,-0.9108814,0.9108814,0.9317335,0.2911438
SBV2-ALL92-G014-C01,0.95191973,0.033959333,0.014120924,0.9377988,-0.9377988,0.95191973,0.22193249
SBV2-ALL92-G014-C02,0.9314923,0.056229558,0.0122781275,0.9192142,-0.9192142,0.9314923,0.28197473
SBV2-ALL92-G014-C03,0.939839,0.04314947,0.01701151,0.9228275,-0.9228275,0.939839,0.26323897
SBV2-ALL92-G014-C04,0.006681132,0.010247314,0.9830716,-0.9763905,0.9763905,0.9830716,0.09718678
SBV2-ALL92-G018-C01,0.5147083,0.24436642,0.24092528,0.273783,-0.273783,0.5147083,1.0290809
SBV2-ALL92-G018-C02,0.7841614,0.13077529,0.08506331,0.6990981,-0.6990981,0.7841614,0.6663208
SBV2-ALL92-G018-C03,0.23894162,0.45483828,0.3062201,-0.06727849,0.06727849,0.45483828,1.0627778
SBV2-ALL92-G018-C04,0.012938503,0.06944202,0.9176195,-0.904681,0.904681,0.9176195,0.32036087
SBV2-ALL92-G019-C01,0.10739633,0.84894115,0.043662593,0.063733734,-0.063733734,0.84894115,0.5153721
SBV2-ALL92-G019-C02,0.003965862,0.75573796,0.24029617,-0.2363303,0.2363303,0.75573796,0.576218
SBV2-ALL92-G019-C03,0.006766,0.820133,0.17310098,-0.16633497,0.16633497,0.820133,0.5000234
SBV2-ALL92-G019-C04,0.018155208,0.8390593,0.14278544,-0.124630235,0.124630235,0.8390593,0.4979329
SBV2-ALL92-G020-C01,0.69906497,0.2569625,0.043972448,0.65509254,-0.65509254,0.69906497,0.7368188
SBV2-ALL92-G020-C02,0.6540552,0.3013651,0.04457971,0.6094755,-0.6094755,0.6540552,0.7778193
SBV2-ALL92-G020-C03,0.1564119,0.7612024,0.08238566,0.07402624,-0.07402624,0.7612024,0.7035467
SBV2-ALL92-G020-C04,0.04605049,0.3725065,0.58144295,-0.53539246,0.53539246,0.58144295,0.8248776
SBV2-ALL92-G021-C01,0.009031457,0.98499763,0.005970946,0.0030605108,-0.0030605108,0.98499763,0.08797703
SBV2-ALL92-G021-C02,0.016026868,0.9706406,0.013332442,0.0026944252,-0.0026944252,0.9706406,0.15273455
SBV2-ALL92-G021-C03,0.063788556,0.7998692,0.13634229,-0.07255373,0.07255373,0.7998692,0.62584794
SBV2-ALL92-G021-C04,0.059163637,0.78791076,0.15292558,-0.09376194,0.09376194,0.78791076,0.642261
SBV2-ALL92-G025-C01,0.92492956,0.06548395,0.009586473,0.9153431,-0.9153431,0.92492956,0.29523757
SBV2-ALL92-G025-C02,0.9198813,0.06998171,0.010137093,0.9097442,-0.9097442,0.9198813,0.30948275
SBV2-ALL92-G025-C03,0.87033993,0.10782144,0.021838538,0.8485014,-0.8485014,0.87033993,0.44452605
SBV2-ALL92-G025-C04,0.017381703,0.9738433,0.008774951,0.008606752,-0.008606752,0.9738433,0.13780501
SBV2-ALL92-G027-C01,0.015397815,0.97330093,0.011301385,0.00409643,-0.00409643,0.97330093,0.14126486
SBV2-ALL92-G027-C02,0.017311178,0.9712484,0.011440403,0.0058707753,-0.0058707753,0.9712484,0.14970088
SBV2-ALL92-G027-C03,0.018476477,0.9701558,0.011367707,0.0071087703,-0.0071087703,0.9701558,0.15403174
SBV2-ALL92-G027-C04,0.05841452,0.39390776,0.5476777,-0.48926318,0.48926318,0.5476777,0.86262745
SBV2-ALL92-G028-C01,0.78245807,0.20399775,0.013544162,0.7689139,-0.7689139,0.78245807,0.57449716
SBV2-ALL92-G028-C02,0.13252187,0.84396094,0.023517208,0.10900466,-0.10900466,0.84396094,0.49919492
SBV2-ALL92-G028-C03,0.75897545,0.22196631,0.01905828,0.73991716,-0.73991716,0.75897545,0.6189006
SBV2-ALL92-G028-C04,0.0014681,0.98430336,0.014228554,-0.012760455,0.012760455,0.98430336,0.08565736
SBV2-ALL92-G030-C01,0.03459204,0.9397415,0.02566652,0.00892552,-0.00892552,0.9397415,0.2687829
SBV2-ALL92-G030-C02,0.026839897,0.9501367,0.023023408,0.0038164891,-0.0038164891,0.9501367,0.23252895
SBV2-ALL92-G030-C03,0.12910122,0.8172285,0.053670276,0.075430945,-0.075430945,0.8172285,0.58621716
SBV2-ALL92-G030-C04,0.04703673,0.86633915,0.08662416,-0.03958743,0.03958743,0.86633915,0.47998244
SBV2-ALL92-G031-C01,0.46615767,0.4868251,0.04701724,0.41914043,-0.41914043,0.4868251,0.8499704
SBV2-ALL92-G031-C02,0.02125575,0.9640679,0.014676395,0.0065793553,-0.0065793553,0.9640679,0.17909391
SBV2-ALL92-G031-C03,0.63372505,0.33563882,0.030636115,0.6030889,-0.6030889,0.63372505,0.7622754
SBV2-ALL92-G031-C04,0.5616501,0.39714983,0.041200086,0.52045,-0.52045,0.5616501,0.8221473
SBV2-ALL92-G032-C01,0.0016600984,0.9958597,0.0024801758,-0.0008200774,0.0008200774,0.9958597,0.029637452
SBV2-ALL92-G032-C02,0.0018580616,0.99526286,0.0028790107,-0.0010209491,0.0010209491,0.99526286,0.033252902
SBV2-ALL92-G032-C03,0.0068164985,0.98799217,0.00519133,0.0016251686,-0.0016251686,0.98799217,0.0732493
SBV2-ALL92-G032-C04,0.000736726,0.9902417,0.009021569,-0.008284843,0.008284843,0.9902417,0.05749953
SBV2-ALL92-G033-C01,0.092753135,0.8913334,0.015913446,0.076839685,-0.076839685,0.8913334,0.3889768
SBV2-ALL92-G033-C02,0.049217824,0.94259506,0.008187084,0.04103074,-0.04103074,0.94259506,0.24328482
SBV2-ALL92-G033-C03,0.07946997,0.814705,0.10582501,-0.026355036,0.026355036,0.814705,0.60588425
SBV2-ALL92-G033-C04,0.020804787,0.95735776,0.021837445,-0.0010326579,0.0010326579,0.95735776,0.20579709
SBV2-ALL92-G034-C01,0.51257795,0.4651402,0.022281885,0.49029607,-0.49029607,0.51257795,0.78334296
SBV2-ALL92-G034-C02,0.8562495,0.1298683,0.013882219,0.8423673,-0.8423673,0.8562495,0.45735225
SBV2-ALL92-G034-C03,0.049375653,0.94232255,0.008301799,0.041073855,-0.041073855,0.94232255,0.24429412
SBV2-ALL92-G034-C04,0.016850146,0.39368728,0.5894626,-0.5726124,0.5726124,0.5894626,0.74735737
SBV2-ALL92-G035-C01,0.93452793,0.05342445,0.012047614,0.92248034,-0.92248034,0.93452793,0.2730237
SBV2-ALL92-G035-C02,0.9691659,0.022408929,0.008425191,0.96074075,-0.96074075,0.9691659,0.15571266
SBV2-ALL92-G035-C03,0.96000457,0.028811872,0.011183544,0.948821,-0.948821,0.96000457,0.19163066
SBV2-ALL92-G035-C04,0.07096808,0.0702823,0.8587496,-0.78778154,0.78778154,0.8587496,0.50513244
SBV2-ALL92-G036-C01,0.0048542325,0.9386218,0.056523923,-0.05166969,0.05166969,0.9386218,0.24771604
SBV2-ALL92-G036-C02,0.003027518,0.98855186,0.008420534,-0.005393016,0.005393016,0.98855186,0.06916759
SBV2-ALL92-G036-C03,0.011848586,0.93773127,0.050420146,-0.03857156,0.03857156,0.93773127,0.2634668
SBV2-ALL92-G036-C04,0.008333535,0.98661625,0.005050234,0.003283301,-0.003283301,0.98661625,0.07989757
SBV2-ALL92-G037-C01,0.028974809,0.884051,0.08697412,-0.057999313,0.057999313,0.884051,0.4239636
SBV2-ALL92-G037-C02,0.025286777,0.78502905,0.18968414,-0.16439736,0.16439736,0.78502905,0.5983256
SBV2-ALL92-G037-C03,0.0196438,0.9539197,0.026436457,-0.006792657,0.006792657,0.9539197,0.21824586
SBV2-ALL92-G037-C04,0.029361127,0.8409273,0.12971152,-0.100350395,0.100350395,0.8409273,0.51420754
SBV2-ALL92-G038-C01,0.01671784,0.72258824,0.2606939,-0.24397607,0.24397607,0.72258824,0.6536567
SBV2-ALL92-G038-C02,0.025250675,0.73368055,0.24106875,-0.21581808,0.21581808,0.73368055,0.6630641
SBV2-ALL92-G038-C03,0.01991682,0.43910465,0.54097855,-0.5210617,0.5210617,0.54097855,0.77175295
SBV2-ALL92-G038-C04,0.01941741,0.2830571,0.69752544,-0.67810804,0.67810804,0.69752544,0.68504363
SBV2-ALL92-G040-C01,0.0047567054,0.97631425,0.01892908,-0.014172373,0.014172373,0.97631425,0.123935536
SBV2-ALL92-G040-C02,0.007720094,0.90551907,0.08676085,-0.07904075,0.07904075,0.90551907,0.33951554
SBV2-ALL92-G040-C03,0.0065633105,0.8782174,0.11521927,-0.10865596,0.10865596,0.8782174,0.39601463
SBV2-ALL92-G040-C04,0.0015509771,0.07716726,0.9212818,-0.91973084,0.91973084,0.9212818,0.28325385
SBV2-ALL92-G042-C01,0.04966201,0.8821976,0.06814043,-0.018478423,0.018478423,0.8821976,0.44272265
SBV2-ALL92-G042-C02,0.18576315,0.7000031,0.11423374,0.07152941,-0.07152941,0.7000031,0.81019354
SBV2-ALL92-G042-C03,0.29233152,0.6335922,0.074076265,0.21825525,-0.21825525,0.6335922,0.84146374
SBV2-ALL92-G042-C04,0.27002382,0.2733557,0.45662048,-0.18659666,0.18659666,0.45662048,1.0660107
SBV2-ALL92-G043-C01,0.0027499453,0.9766573,0.02059278,-0.017842835,0.017842835,0.9766573,0.11924025
SBV2-ALL92-G043-C02,0.005198266,0.9740496,0.020752085,-0.015553819,0.015553819,0.9740496,0.13336721
SBV2-ALL92-G043-C03,0.0031083783,0.98217344,0.014718165,-0.011609786,0.011609786,0.98217344,0.09770453
SBV2-ALL92-G043-C04,0.0243224,0.7728198,0.20285773,-0.17853533,0.17853533,0.7728198,0.6131625
SBV2-ALL92-G047-C01,0.011014315,0.9554267,0.033558995,-0.022544678,0.022544678,0.9554267,0.20713785
SBV2-ALL92-G047-C02,0.020484392,0.88525575,0.09425988,-0.073775485,0.073775485,0.88525575,0.41015252
SBV2-ALL92-G047-C03,0.006998975,0.9660175,0.026983542,-0.019984568,0.019984568,0.9660175,0.16560611
SBV2-ALL92-G047-C04,0.006439445,0.16788562,0.82567495,-0.8192355,0.8192355,0.82567495,0.49023765
SBV2-ALL92-G051-C01,0.0073974556,0.6670672,0.3255353,-0.31813785,0.31813785,0.6670672,0.67171144
SBV2-ALL92-G051-C02,0.021195533,0.96416473,0.01463976,0.0065557724,-0.0065557724,0.96416473,0.17871077
SBV2-ALL92-G051-C03,0.007044457,0.97388613,0.019069392,-0.012024935,0.012024935,0.97388613,0.13618731
SBV2-ALL92-G051-C04,0.006100389,0.9510295,0.04287013,-0.03676974,0.03676974,0.9510295,0.21388265
SBV2-ALL92-G052-C01,0.0015568192,0.97293323,0.025509872,-0.023953052,0.023953052,0.97293323,0.13034992
SBV2-ALL92-G052-C02,0.0016728223,0.974819,0.023508193,-0.02183537,0.02183537,0.974819,0.123721294
SBV2-ALL92-G052-C03,0.00058640976,0.9932734,0.0061402316,-0.005553822,0.005553822,0.9932734,0.04233925
SBV2-ALL92-G052-C04,0.006084455,0.84682846,0.1470871,-0.14100264,0.14100264,0.84682846,0.4537606
SBV2-ALL92-G055-C01,0.0022251438,0.98895055,0.008824383,-0.006599239,0.006599239,0.98895055,0.06632063
SBV2-ALL92-G055-C02,0.0039776084,0.9830875,0.012934856,-0.008957248,0.008957248,0.9830875,0.09499178
SBV2-ALL92-G055-C03,0.18965141,0.7584727,0.051875867,0.13777554,-0.13777554,0.7584727,0.6784826
SBV2-ALL92-G055-C04,0.009184452,0.9794693,0.011346266,-0.002161814,0.002161814,0.9794693,0.11421421
SBV2-ALL92-G057-C01,0.04631455,0.029168138,0.92451733,-0.8782028,0.8782028,0.92451733,0.31795147
SBV2-ALL92-G057-C02,0.019856857,0.07826748,0.9018757,-0.8820188,0.8820188,0.9018757,0.3703636
SBV2-ALL92-G057-C03,0.09602911,0.08037569,0.8235952,-0.7275661,0.7275661,0.8235952,0.58747697
SBV2-ALL92-G057-C04,0.17753649,0.051751122,0.7707124,-0.5931759,0.5931759,0.7707124,0.6608613
SBV2-ALL92-G060-C01,0.40096202,0.53911865,0.059919324,0.3410427,-0.3410427,0.53911865,0.868171
SBV2-ALL92-G060-C02,0.02883903,0.254265,0.71689594,-0.6880569,0.6880569,0.71689594,0.68904954
SBV2-ALL92-G060-C03,0.08030328,0.8228209,0.09687581,-0.016572528,0.016572528,0.8228209,0.58912396
SBV2-ALL92-G060-C04,0.0018722895,0.045478977,0.9526487,-0.9507764,0.9507764,0.9526487,0.1985242
SBV2-ALL92-G062-C01,0.14174911,0.8367602,0.021490676,0.120258436,-0.120258436,0.8367602,0.50858736
SBV2-ALL92-G062-C02,0.3089539,0.665777,0.025269069,0.28368485,-0.28368485,0.665777,0.7266683
SBV2-ALL92-G062-C03,0.028588548,0.966519,0.0048924214,0.023696126,-0.023696126,0.966519,0.16056728
SBV2-ALL92-G062-C04,0.1603736,0.8033323,0.036294106,0.124079496,-0.124079496,0.8033323,0.5897977
SBV2-ALL92-G065-C01,0.39457768,0.5808524,0.024569975,0.3700077,-0.3700077,0.5808524,0.77354836
SBV2-ALL92-G065-C02,0.16035353,0.7872637,0.052382786,0.107970744,-0.107970744,0.7872637,0.6363003
SBV2-ALL92-G065-C03,0.10607253,0.8625379,0.03138958,0.07468295,-0.07468295,0.8625379,0.47418463
SBV2-ALL92-G065-C04,0.04426538,0.90575516,0.04997941,-0.005714033,0.005714033,0.90575516,0.37740248
SBV2-ALL92-G067-C01,0.025456322,0.97200215,0.0025415635,0.02291476,-0.02291476,0.97200215,0.13623282
SBV2-ALL92-G067-C02,0.033923224,0.96320087,0.0028758182,0.031047406,-0.031047406,0.96320087,0.1677257
SBV2-ALL92-G067-C03,0.007832189,0.9432974,0.048870333,-0.041038144,0.041038144,0.9432974,0.2405653
SBV2-ALL92-G067-C04,0.001893945,0.9910171,0.0070888987,-0.0051949536,0.0051949536,0.9910171,0.055900306
SBV2-ALL92-G069-C01,0.023827834,0.2423445,0.7338276,-0.70999974,0.70999974,0.7338276,0.6596459
SBV2-ALL92-G069-C02,0.031200802,0.49302468,0.47577447,-0.44457367,0.44457367,0.49302468,0.8102587
SBV2-ALL92-G069-C03,0.027867919,0.14322488,0.8289072,-0.8010393,0.8010393,0.8289072,0.5336515
SBV2-ALL92-G069-C04,0.15874052,0.82635003,0.014909506,0.14383101,-0.14383101,0.82635003,0.51248056
SBV2-ALL92-G077-C01,0.03254592,0.8846127,0.0828413,-0.05029538,0.05029538,0.8846127,0.4262749
SBV2-ALL92-G077-C02,0.029548313,0.88972294,0.08072874,-0.051180426,0.051180426,0.88972294,0.41118783
SBV2-ALL92-G077-C03,0.02990693,0.8367048,0.13338827,-0.10348134,0.10348134,0.8367048,0.52284384
SBV2-ALL92-G077-C04,0.3342878,0.4570257,0.20868649,0.1256013,-0.1256013,0.4570257,1.0511506
SBV2-ALL92-G079-C01,0.9030305,0.088721454,0.008248017,0.8947825,-0.8947825,0.9030305,0.34658617
SBV2-ALL92-G079-C02,0.021833546,0.9685686,0.009597772,0.012235775,-0.012235775,0.9685686,0.15902376
SBV2-ALL92-G079-C03,0.03727801,0.92238325,0.040338647,-0.0030606352,0.0030606352,0.92238325,0.32664895
SBV2-ALL92-G079-C04,0.07976653,0.57588726,0.3443461,-0.2645796,0.2645796,0.57588726,0.88661146
SBV2-ALL92-G082-C01,0.029220067,0.8842973,0.086482644,-0.057262577,0.057262577,0.8842973,0.42365968
SBV2-ALL92-G082-C02,0.15744908,0.81086177,0.03168913,0.12575996,-0.12575996,0.81086177,0.5704561
SBV2-ALL92-G082-C03,0.03223262,0.87637717,0.09139021,-0.059157588,0.059157588,0.87637717,0.44501922
SBV2-ALL92-G082-C04,0.01721619,0.07472346,0.9080604,-0.89084417,0.89084417,0.9080604,0.35133767
SBV2-ALL92-G083-C01,0.6921371,0.20595492,0.10190792,0.5902292,-0.5902292,0.6921371,0.81284106
SBV2-ALL92-G083-C02,0.58567,0.25108755,0.1632425,0.42242748,-0.42242748,0.58567,0.9562042
SBV2-ALL92-G083-C03,0.24630448,0.4757869,0.2779086,-0.03160411,0.03160411,0.4757869,1.0543777
SBV2-ALL92-G083-C04,0.020502022,0.08386577,0.89563227,-0.87513024,0.87513024,0.89563227,0.38628197
SBV2-ALL92-G085-C01,0.013143315,0.983557,0.0032997355,0.0098435795,-0.0098435795,0.983557,0.09209625
SBV2-ALL92-G085-C02,0.0067040385,0.9902132,0.00308284,0.0036211985,-0.0036211985,0.9902132,0.061117433
SBV2-ALL92-G085-C03,0.004770976,0.99320495,0.0020240222,0.0027469539,-0.0027469539,0.99320495,0.04482809
SBV2-ALL92-G085-C04,0.03043072,0.9188482,0.050721083,-0.020290364,0.020290364,0.9188482,0.3352599
SBV2-ALL92-G086-C01,0.090642445,0.9047412,0.0046163187,0.086026125,-0.086026125,0.9047412,0.33301497
SBV2-ALL92-G086-C02,0.012669518,0.97987455,0.007456014,0.0052135037,-0.0052135037,0.97987455,0.11179409
SBV2-ALL92-G086-C03,0.008682437,0.98282593,0.00849164,0.00019079726,-0.00019079726,0.98282593,0.09873037
SBV2-ALL92-G086-C04,0.011718306,0.9837172,0.004564534,0.007153772,-0.007153772,0.9837172,0.09285644
SBV2-ALL92-G087-C01,0.09544198,0.8721132,0.032444756,0.06299722,-0.06299722,0.8721132,0.45477998
SBV2-ALL92-G087-C02,0.30807757,0.6776701,0.014252317,0.29382527,-0.29382527,0.6776701,0.6869937
SBV2-ALL92-G087-C03,0.017765835,0.97204584,0.010188371,0.007577464,-0.007577464,0.97204584,0.1458936
SBV2-ALL92-G087-C04,0.026268205,0.34814504,0.62558675,-0.59931856,0.59931856,0.62558675,0.75638187
SBV2-ALL92-G089-C01,0.022021119,0.4759603,0.5020185,-0.4799974,0.4799974,0.5020185,0.7833401
SBV2-ALL92-G089-C02,0.01784239,0.7145272,0.26763046,-0.24978808,0.24978808,0.7145272,0.6647903
SBV2-ALL92-G089-C03,0.07999841,0.7768853,0.14311634,-0.06311793,0.06311793,0.7768853,0.6764225
SBV2-ALL92-G089-C04,0.026158499,0.6224819,0.35135958,-0.32520106,0.32520106,0.6224819,0.75789523
SBV2-ALL92-G091-C01,0.09724189,0.8819429,0.020815192,0.0764267,-0.0764267,0.8819429,0.41802204
SBV2-ALL92-G091-C02,0.05577406,0.93062145,0.013604442,0.042169616,-0.042169616,0.93062145,0.2863662
SBV2-ALL92-G091-C03,0.008399851,0.98715395,0.0044461847,0.003953666,-0.003953666,0.98715395,0.07698987
SBV2-ALL92-G091-C04,0.0012647973,0.93603677,0.06269838,-0.061433583,0.061433583,0.93603677,0.24395043
SBV2-ALL92-G092-C01,0.0051067653,0.99260384,0.0022893518,0.0028174135,-0.0028174135,0.99260384,0.04823619
SBV2-ALL92-G092-C02,0.050465394,0.9457832,0.0037513783,0.046714015,-0.046714015,0.9457832,0.22438683
SBV2-ALL92-G092-C03,0.005397309,0.9920528,0.0025498925,0.0028474166,-0.0028474166,0.9920528,0.05132671
SBV2-ALL92-G092-C04,0.0013289108,0.07564588,0.9230252,-0.9216963,0.9216963,0.9230252,0.27802944
SBV2-ALL92-G093-C01,0.0023283435,0.9820911,0.015580464,-0.01325212,0.01325212,0.9820911,0.09670515
SBV2-ALL92-G093-C02,0.0020745154,0.986105,0.011820441,-0.009745926,0.009745926,0.986105,0.07907263
SBV2-ALL92-G093-C03,0.003746611,0.9886622,0.007591187,-0.003844576,0.003844576,0.9886622,0.06925607
SBV2-ALL92-G093-C04,0.0034907816,0.98619765,0.010311575,-0.0068207933,0.0068207933,0.98619765,0.08062638
SBV2-ALL92-G094-C01,0.057391986,0.88871956,0.053888455,0.0035035312,-0.0035035312,0.88871956,0.42626265
SBV2-ALL92-G094-C02,0.0058791237,0.9704404,0.0236805,-0.017801378,0.017801378,0.9704404,0.14795414
SBV2-ALL92-G094-C03,0.0041945884,0.97466815,0.02113731,-0.01694272,0.01694272,0.97466815,0.12948987
SBV2-ALL92-G094-C04,0.01070579,0.9737438,0.015550472,-0.0048446823,0.0048446823,0.9737438,0.13922724
SBV2-ALL92-G098-C01,0.0030234095,0.9604899,0.036486737,-0.03346333,0.03346333,0.9604899,0.1770595
SBV2-ALL92-G098-C02,0.00388714,0.96254957,0.03356331,-0.02967617,0.02967617,0.96254957,0.17223886
SBV2-ALL92-G098-C03,0.003742383,0.7584867,0.23777087,-0.23402849,0.23402849,0.7584867,0.5721265
SBV2-ALL92-G098-C04,0.015877478,0.9693248,0.014797652,0.0010798257,-0.0010798257,0.9693248,0.15832463
SBV2-ALL92-G099-C01,0.9375886,0.060328525,0.0020827919,0.9355058,-0.9355058,0.9375886,0.24268076
SBV2-ALL92-G099-C02,0.87408847,0.12034301,0.0055685337,0.86851996,-0.86851996,0.87408847,0.4013489
SBV2-ALL92-G099-C03,0.31750497,0.6704502,0.012044871,0.3054601,-0.3054601,0.6704502,0.68553895
SBV2-ALL92-G099-C04,0.00857406,0.98192143,0.0095044,-0.00093034003,0.00093034003,0.98192143,0.10297072
SBV2-ALL92-G106-C01,0.7593071,0.1460771,0.094615854,0.6646912,-0.6646912,0.7593071,0.7131689
SBV2-ALL92-G106-C02,0.7548531,0.15502198,0.09012493,0.6647282,-0.6647282,0.7548531,0.71817
SBV2-ALL92-G106-C03,0.5146276,0.37811157,0.1072608,0.40736678,-0.40736678,0.5146276,0.94907045
SBV2-ALL92-G106-C04,0.13612314,0.24138995,0.62248695,-0.48636383,0.48636383,0.62248695,0.90963286
SBV2-ALL92-G107-C01,0.89247763,0.086363845,0.021158483,0.8713192,-0.8713192,0.89247763,0.39462495
SBV2-ALL92-G107-C02,0.24956681,0.71640587,0.034027264,0.21553954,-0.21553954,0.71640587,0.70036554
SBV2-ALL92-G107-C03,0.051538732,0.9317661,0.01669518,0.03484355,-0.03484355,0.9317661,0.2870125
SBV2-ALL92-G107-C04,0.75326616,0.17500797,0.071725816,0.68154037,-0.68154037,0.75326616,0.7074442
SBV2-ALL92-G108-C01,0.08206334,0.9145412,0.0033954591,0.07866788,-0.07866788,0.9145412,0.30618274
SBV2-ALL92-G108-C02,0.037496865,0.9595239,0.0029792604,0.034517605,-0.034517605,0.9595239,0.18009415
SBV2-ALL92-G108-C03,0.019736221,0.9775185,0.0027453026,0.016990919,-0.016990919,0.9775185,0.11588888
SBV2-ALL92-G108-C04,0.013425019,0.12679593,0.85977906,-0.84635407,0.84635407,0.85977906,0.4496216
SBV2-ALL92-G110-C01,0.17353308,0.8111779,0.015289015,0.15824407,-0.15824407,0.8111779,0.5375946
SBV2-ALL92-G110-C02,0.12663448,0.8539038,0.019461745,0.107172735,-0.107172735,0.8539038,0.47321242
SBV2-ALL92-G110-C03,0.012716232,0.98195237,0.0053313994,0.0073848325,-0.0073848325,0.98195237,0.10129386
SBV2-ALL92-G110-C04,0.012982454,0.045724988,0.9412925,-0.9283101,0.9283101,0.9412925,0.2544139
SBV2-ALL92-G111-C01,0.7304164,0.23622891,0.033354715,0.6970617,-0.6970617,0.7304164,0.6837454
SBV2-ALL92-G111-C02,0.43692493,0.5076337,0.055441365,0.38148355,-0.38148355,0.5076337,0.8663046
SBV2-ALL92-G111-C03,0.273471,0.683046,0.04348299,0.22998801,-0.22998801,0.683046,0.75127983
SBV2-ALL92-G111-C04,0.002640469,0.018870123,0.9784894,-0.9758489,0.9758489,0.9784894,0.1118712
SBV2-ALL92-G116-C01,0.010220167,0.9033737,0.08640618,-0.07618601,0.07618601,0.9033737,0.3502254
SBV2-ALL92-G116-C02,0.004043317,0.95822847,0.03772827,-0.03368495,0.03368495,0.95822847,0.18681674
SBV2-ALL92-G116-C03,0.004655021,0.9585836,0.036761433,-0.03210641,0.03210641,0.9585836,0.18697749
SBV2-ALL92-G116-C04,0.018272793,0.9451611,0.036566075,-0.018293282,0.018293282,0.9451611,0.24742472
SBV2-ALL92-G119-C01,0.6903534,0.2886308,0.021015812,0.6693376,-0.6693376,0.6903534,0.6956394
SBV2-ALL92-G119-C02,0.7893449,0.19479832,0.015856808,0.7734881,-0.7734881,0.7893449,0.5710834
SBV2-ALL92-G119-C03,0.13974833,0.8451284,0.015123235,0.1246251,-0.1246251,0.8451284,0.4806088
SBV2-ALL92-G119-C04,0.005892477,0.07727721,0.91683036,-0.9109379,0.9109379,0.91683036,0.3077206
SBV2-ALL92-G122-C01,0.78540325,0.20021655,0.014380218,0.77102304,-0.77102304,0.78540325,0.5727393
SBV2-ALL92-G122-C02,0.048207108,0.9437212,0.0080717895,0.040135317,-0.040135317,0.9437212,0.23974156
SBV2-ALL92-G122-C03,0.25691336,0.66475534,0.078331314,0.17858204,-0.17858204,0.66475534,0.82008797
SBV2-ALL92-G122-C04,0.0078099463,0.08303178,0.9091583,-0.90134835,0.90134835,0.9091583,0.33110854
SBV2-ALL92-G124-C01,0.028705578,0.94530326,0.025991173,0.0027144048,-0.0027144048,0.94530326,0.24996442
SBV2-ALL92-G124-C02,0.040070046,0.9363565,0.023573382,0.016496664,-0.016496664,0.9363565,0.27882874
SBV2-ALL92-G124-C03,0.14247103,0.8249695,0.03255951,0.10991152,-0.10991152,0.8249695,0.547859
SBV2-ALL92-G124-C04,0.008626295,0.14830974,0.84306395,-0.83443767,0.83443767,0.84306395,0.46796387
SBV2-ALL92-G128-C01,0.08050613,0.69135827,0.2281356,-0.14762947,0.14762947,0.69135827,0.7951495
SBV2-ALL92-G128-C02,0.028029516,0.8445841,0.12738636,-0.099356845,0.099356845,0.8445841,0.50533444
SBV2-ALL92-G128-C03,0.06447847,0.70071197,0.23480967,-0.1703312,0.1703312,0.70071197,0.7662114
SBV2-ALL92-G128-C04,0.03306545,0.26985383,0.69708073,-0.6640153,0.6640153,0.69708073,0.71774805
SBV2-ALL92-G131-C01,0.7034097,0.2407516,0.05583873,0.64757097,-0.64757097,0.7034097,0.7514092
SBV2-ALL92-G131-C02,0.9460856,0.045201898,0.008712507,0.93737304,-0.93737304,0.9460856,0.2337305
SBV2-ALL92-G131-C03,0.07935989,0.67248243,0.24815764,-0.16879775,0.16879775,0.67248243,0.81376123
SBV2-ALL92-G131-C04,0.041575193,0.71066225,0.24776253,-0.20618734,0.20618734,0.71066225,0.72065115
SBV2-ALL92-G135-C01,0.050631642,0.6725057,0.27686268,-0.22623104,0.22623104,0.6725057,0.7734127
SBV2-ALL92-G135-C02,0.045299016,0.78021365,0.17448732,-0.1291883,0.1291883,0.78021365,0.6384537
SBV2-ALL92-G135-C03,0.010542822,0.44287497,0.5465823,-0.5360395,0.5360395,0.5465823,0.73887575
SBV2-ALL92-G135-C04,0.01275365,0.9378722,0.04937429,-0.03662064,0.03662064,0.9378722,0.2643212
SBV2-ALL92-G140-C01,0.0010838223,0.9878584,0.011057719,-0.009973897,0.009973897,0.9878584,0.06927801
SBV2-ALL92-G140-C02,0.0011360287,0.9870215,0.011842462,-0.010706434,0.010706434,0.9870215,0.07313035
SBV2-ALL92-G140-C03,0.0014365044,0.983432,0.015131524,-0.013695019,0.013695019,0.983432,0.08924853
SBV2-ALL92-G140-C04,0.0063260305,0.8191623,0.1745116,-0.16818556,0.16818556,0.8191623,0.50008607
SBV2-ALL92-G141-C01,0.19278751,0.64763993,0.15957253,0.033214986,-0.033214986,0.64763993,0.89156497
SBV2-ALL92-G141-C02,0.092116825,0.8225119,0.085371345,0.00674548,-0.00674548,0.8225119,0.59046036
SBV2-ALL92-G141-C03,0.14377698,0.52568954,0.33053347,-0.18675649,0.18675649,0.52568954,0.9828122
SBV2-ALL92-G141-C04,0.17111349,0.6759374,0.15294911,0.018164381,-0.018164381,0.6759374,0.8540076
SBV2-ALL92-G144-C01,0.2830811,0.52508295,0.19183594,0.091245174,-0.091245174,0.52508295,1.0122555
SBV2-ALL92-G144-C02,0.50871515,0.37171355,0.11957121,0.38914394,-0.38914394,0.50871515,0.96563387
SBV2-ALL92-G144-C03,0.043137617,0.94556123,0.011301118,0.0318365,-0.0318365,0.94556123,0.23918764
SBV2-ALL92-G144-C04,0.0116457185,0.056431886,0.9319224,-0.92027664,0.92027664,0.9319224,0.27978808
SBV2-ALL92-G145-C01,0.9701994,0.02905829,0.0007422948,0.9694571,-0.9694571,0.9701994,0.13752224
SBV2-ALL92-G145-C02,0.8979416,0.1003659,0.0016925535,0.89624906,-0.89624906,0.8979416,0.33819914
SBV2-ALL92-G145-C03,0.46445242,0.52933985,0.0062077558,0.45824465,-0.45824465,0.52933985,0.7244604
SBV2-ALL92-G145-C04,0.076597944,0.52921885,0.39418316,-0.31758523,0.31758523,0.52921885,0.90052515
SBV2-ALL92-G146-C01,0.0022380182,0.9963044,0.0014576783,0.00078033993,-0.00078033993,0.9963044,0.026865492
SBV2-ALL92-G146-C02,0.0016595091,0.99760556,0.0007349055,0.00092460366,-0.00092460366,0.99760556,0.01831738
SBV2-ALL92-G146-C03,0.09316423,0.8997706,0.007065149,0.08609908,-0.08609908,0.8997706,0.35113555
SBV2-ALL92-G146-C04,0.0044036563,0.82586753,0.16972886,-0.16532521,0.16532521,0.82586753,0.4829201
SBV2-ALL92-G158-C01,0.42400756,0.4232233,0.1527692,0.2712384,-0.2712384,0.42400756,1.0147378
SBV2-ALL92-G158-C02,0.11820825,0.7821723,0.09961939,0.018588863,-0.018588863,0.7821723,0.6743372
SBV2-ALL92-G158-C03,0.082053795,0.7407187,0.1772274,-0.0951736,0.0951736,0.7407187,0.73414123
SBV2-ALL92-G158-C04,0.016259804,0.16182868,0.8219115,-0.8056517,0.8056517,0.8219115,0.52289563
SBV2-ALL92-G161-C01,0.37770158,0.36779356,0.25450486,0.12319672,-0.12319672,0.37770158,1.0839024
SBV2-ALL92-G161-C02,0.10315093,0.36869353,0.5281555,-0.42500457,0.42500457,0.5281555,0.93934804
SBV2-ALL92-G161-C03,0.046558734,0.22780152,0.7256398,-0.6790811,0.6790811,0.7256398,0.71249366
SBV2-ALL92-G161-C04,0.010742973,0.041676085,0.94758093,-0.936838,0.936838,0.94758093,0.23216325
SBV2-ALL92-G163-C01,0.11980079,0.8305668,0.049632374,0.07016842,-0.07016842,0.8305668,0.55745196
SBV2-ALL92-G163-C02,0.0063486355,0.98682356,0.0068278774,-0.00047924183,0.00047924183,0.98682356,0.07925913
SBV2-ALL92-G163-C03,0.009043604,0.981968,0.008988475,5.512871e-05,-5.512871e-05,0.981968,0.10277692
SBV2-ALL92-G163-C04,0.04273021,0.8663375,0.090932325,-0.048202116,0.048202116,0.8663375,0.47704762
SBV2-ALL92-G164-C01,0.1445699,0.80901283,0.046417285,0.09815262,-0.09815262,0.80901283,0.59356457
SBV2-ALL92-G164-C02,0.038288385,0.9398823,0.02182941,0.016458975,-0.016458975,0.9398823,0.26667985
SBV2-ALL92-G164-C03,0.045049362,0.9325161,0.022434577,0.022614785,-0.022614785,0.9325161,0.2899942
SBV2-ALL92-G164-C04,0.14434442,0.81985813,0.035797525,0.1085469,-0.1085469,0.81985813,0.56143105
SBV2-ALL92-G166-C01,0.07576638,0.74355435,0.18067919,-0.10491281,0.10491281,0.74355435,0.72495794
SBV2-ALL92-G166-C02,0.053694256,0.4483697,0.49793598,-0.44424173,0.44424173,0.49793598,0.8638828
SBV2-ALL92-G166-C03,0.06926709,0.7993903,0.13134255,-0.06207546,0.06207546,0.7993903,0.6305349
SBV2-ALL92-G166-C04,0.06810567,0.7410032,0.19089107,-0.122785404,0.122785404,0.7410032,0.72122073
SBV2-ALL92-G167-C01,0.7022294,0.28640142,0.011369174,0.6908602,-0.6908602,0.7022294,0.6572379
SBV2-ALL92-G167-C02,0.19456606,0.7812008,0.024233041,0.17033301,-0.17033301,0.7812008,0.6015458
SBV2-ALL92-G167-C03,0.054010812,0.73957175,0.20641746,-0.15240665,0.15240665,0.73957175,0.7064481
SBV2-ALL92-G167-C04,0.71622974,0.2376774,0.046092864,0.67013687,-0.67013687,0.71622974,0.72238165
SBV2-ALL92-G168-C01,0.08737384,0.8266084,0.08601776,0.0013560802,-0.0013560802,0.8266084,0.5814041
SBV2-ALL92-G168-C02,0.08163186,0.85143185,0.06693632,0.01469554,-0.01469554,0.85143185,0.522469
SBV2-ALL92-G168-C03,0.124351814,0.37169906,0.5039491,-0.3795973,0.3795973,0.5039491,0.97243476
SBV2-ALL92-G168-C04,0.10333543,0.81775856,0.07890608,0.024429351,-0.024429351,0.81775856,0.5994533
SBV2-ALL92-G170-C01,0.14875937,0.7893078,0.061932947,0.086826414,-0.086826414,0.7893078,0.64247835
SBV2-ALL92-G170-C02,0.011668084,0.961988,0.026343944,-0.014675859,0.014675859,0.961988,0.18501389
SBV2-ALL92-G170-C03,0.024924736,0.9512823,0.023792878,0.0011318587,-0.0011318587,0.9512823,0.22847727
SBV2-ALL92-G170-C04,0.072734125,0.8490775,0.07818845,-0.005454324,0.005454324,0.8490775,0.52881896
SBV2-ALL92-G172-C01,0.0899378,0.88251,0.027552227,0.062385574,-0.062385574,0.88251,0.4258867
SBV2-ALL92-G172-C02,0.029857365,0.9514667,0.018675916,0.0111814495,-0.0111814495,0.9514667,0.22651479
SBV2-ALL92-G172-C03,0.08728239,0.87219757,0.04052001,0.04676238,-0.04676238,0.87219757,0.46201658
SBV2-ALL92-G172-C04,0.09616109,0.3681303,0.5357086,-0.4395475,0.4395475,0.5357086,0.92743325
SBV2-ALL92-G175-C01,0.7516716,0.2251373,0.023191096,0.7284805,-0.7284805,0.7516716,0.6375498
SBV2-ALL92-G175-C02,0.65338176,0.26852626,0.07809188,0.5752899,-0.5752899,0.65338176,0.8302593
SBV2-ALL92-G175-C03,0.04429867,0.8669806,0.088720724,-0.044422053,0.044422053,0.8669806,0.4767266
SBV2-ALL92-G175-C04,0.028097209,0.8805229,0.0913798,-0.063282594,0.063282594,0.8805229,0.43105003
SBV2-ALL92-G178-C01,0.00439752,0.9604324,0.03517005,-0.03077253,0.03077253,0.9604324,0.18037221
SBV2-ALL92-G178-C02,0.0041845203,0.96144944,0.03436606,-0.03018154,0.03018154,0.96144944,0.1765509
SBV2-ALL92-G178-C03,0.0018441763,0.94230896,0.055846825,-0.05400265,0.05400265,0.94230896,0.22873043
SBV2-ALL92-G178-C04,0.027700387,0.7560359,0.21626371,-0.18856332,0.18856332,0.7560359,0.6419352
SBV2-ALL92-G180-C01,0.017386341,0.10621732,0.87639636,-0.85901004,0.85901004,0.87639636,0.42424732
SBV2-ALL92-G180-C02,0.024894338,0.031693425,0.9434122,-0.9185178,0.9185178,0.9434122,0.25628778
SBV2-ALL92-G180-C03,0.008813864,0.056301937,0.93488425,-0.9260704,0.9260704,0.93488425,0.26663247
SBV2-ALL92-G180-C04,0.002291228,0.013036996,0.9846718,-0.98238057,0.98238057,0.9846718,0.08571785
SBV2-ALL92-G185-C01,0.18088062,0.67840064,0.14071871,0.040161908,-0.040161908,0.67840064,0.84847045
SBV2-ALL92-G185-C02,0.02866704,0.8958754,0.07545761,-0.04679057,0.04679057,0.8958754,0.3953269
SBV2-ALL92-G185-C03,0.011175064,0.9582635,0.030561417,-0.019386353,0.019386353,0.9582635,0.19767341
SBV2-ALL92-G185-C04,0.006661105,0.9670865,0.026252357,-0.019591253,0.019591253,0.9670865,0.16130629
SBV2-ALL92-G186-C01,0.30376858,0.6406584,0.055572983,0.24819559,-0.24819559,0.6406584,0.80780494
SBV2-ALL92-G186-C02,0.104939416,0.8402254,0.05483517,0.050104246,-0.050104246,0.8402254,0.5420529
SBV2-ALL92-G186-C03,0.046437345,0.91737777,0.03618488,0.010252465,-0.010252465,0.91737777,0.34175912
SBV2-ALL92-G186-C04,0.080781505,0.45484945,0.46436906,-0.38358754,0.38358754,0.46436906,0.9177784
SBV2-ALL92-G187-C01,0.020569397,0.9647884,0.014642281,0.0059271157,-0.0059271157,0.9647884,0.17632149
SBV2-ALL92-G187-C02,0.019890172,0.9656114,0.01449846,0.0053917123,-0.0053917123,0.9656114,0.17309308
SBV2-ALL92-G187-C03,0.021802444,0.96431357,0.013884002,0.007918442,-0.007918442,0.96431357,0.17783442
SBV2-ALL92-G187-C04,0.051870782,0.91250366,0.035625577,0.016245205,-0.016245205,0.91250366,0.35583767
SBV2-ALL92-G190-C01,0.71486896,0.25565577,0.02947523,0.68539375,-0.68539375,0.71486896,0.69252175
SBV2-ALL92-G190-C02,0.019540252,0.9109418,0.06951788,-0.04997763,0.04997763,0.9109418,0.3472122
SBV2-ALL92-G190-C03,0.82919014,0.1540981,0.0167118,0.81247836,-0.81247836,0.82919014,0.5118798
SBV2-ALL92-G190-C04,0.08915268,0.7954618,0.115385585,-0.026232906,0.026232906,0.7954618,0.646718
SBV2-ALL92-G193-C01,0.010745619,0.9581939,0.031060414,-0.020314794,0.020314794,0.9581939,0.19746864
SBV2-ALL92-G193-C02,0.013348037,0.9534047,0.03324714,-0.019899102,0.019899102,0.9534047,0.2162739
SBV2-ALL92-G193-C03,0.011274592,0.96029866,0.028426846,-0.017152254,0.017152254,0.96029866,0.19068299
SBV2-ALL92-G193-C04,0.10934879,0.2710127,0.6196385,-0.5102897,0.5102897,0.6196385,0.8924143
SBV2-ALL92-G196-C01,0.23761892,0.6139555,0.14842555,0.089193374,-0.089193374,0.6139555,0.924134
SBV2-ALL92-G196-C02,0.6404598,0.34505132,0.014488846,0.62597096,-0.62597096,0.6404598,0.7138763
SBV2-ALL92-G196-C03,0.008260211,0.9762572,0.015482558,-0.007222347,0.007222347,0.9762572,0.1276091
SBV2-ALL92-G196-C04,0.0012473506,0.0068055345,0.9919471,-0.99069977,0.99069977,0.9919471,0.050320826
SBV2-ALL92-G197-C01,0.17123458,0.43668038,0.39208508,-0.2208505,0.2208505,0.43668038,1.0310944
SBV2-ALL92-G197-C02,0.6607731,0.32997224,0.009254651,0.65151846,-0.65151846,0.6607731,0.68297964
SBV2-ALL92-G197-C03,0.016410576,0.94592965,0.037659716,-0.02124914,0.02124914,0.94592965,0.24351853
SBV2-ALL92-G197-C04,0.058177203,0.2133088,0.728514,-0.67033684,0.67033684,0.728514,0.72579205
SBV2-ALL92-G198-C01,0.08069066,0.32121414,0.5980952,-0.5174045,0.5174045,0.5980952,0.87531924
SBV2-ALL92-G198-C02,0.25427386,0.5337307,0.2119955,0.042278364,-0.042278364,0.5337307,1.0121439
SBV2-ALL92-G198-C03,0.056595817,0.7645822,0.17882189,-0.122226074,0.122226074,0.7645822,0.67558426
SBV2-ALL92-G198-C04,0.059098184,0.25746855,0.6834333,-0.6243351,0.6243351,0.6834333,0.7766433
SBV2-ALL92-G205-C01,0.010091478,0.9168045,0.07310411,-0.06301264,0.06301264,0.9168045,0.31724656
SBV2-ALL92-G205-C02,0.010079812,0.91786927,0.07205091,-0.061971094,0.061971094,0.91786927,0.31452224
SBV2-ALL92-G205-C03,0.0095754955,0.9057096,0.084714964,-0.07513947,0.07513947,0.9057096,0.34332624
SBV2-ALL92-G205-C04,0.0015391211,0.062068626,0.93639225,-0.93485314,0.93485314,0.93639225,0.24402931
SBV2-ALL92-G213-C01,0.016947122,0.16935387,0.81369895,-0.7967518,0.7967518,0.81369895,0.5375933
SBV2-ALL92-G213-C02,0.025037048,0.21264002,0.76232296,-0.7372859,0.7372859,0.76232296,0.6284042
SBV2-ALL92-G213-C03,0.0062659387,0.16585356,0.82788056,-0.8216146,0.8216146,0.82788056,0.48614097
SBV2-ALL92-G213-C04,0.028987268,0.82954574,0.14146695,-0.11247968,0.11247968,0.82954574,0.5343294
SBV2-ALL92-G214-C01,0.2586639,0.58494145,0.15639468,0.10226922,-0.10226922,0.58494145,0.9536135
SBV2-ALL92-G214-C02,0.023818543,0.8128529,0.16332854,-0.13951,0.13951,0.8128529,0.5533941
SBV2-ALL92-G214-C03,0.012992572,0.8433978,0.1436096,-0.13061702,0.13061702,0.8433978,0.4787732
SBV2-ALL92-G214-C04,0.058611576,0.84574467,0.09564377,-0.0370322,0.0370322,0.84574467,0.5324527
SBV2-ALL92-G215-C01,0.0045913886,0.989931,0.0054776683,-0.0008862796,0.0008862796,0.989931,0.06325886
SBV2-ALL92-G215-C02,0.0033627085,0.9902637,0.0063735177,-0.0030108092,0.0030108092,0.9902637,0.061061382
SBV2-ALL92-G215-C03,0.008893838,0.9867662,0.004340047,0.004553791,-0.004553791,0.9867662,0.07875535
SBV2-ALL92-G215-C04,0.005181251,0.9815134,0.013305368,-0.008124117,0.008124117,0.9815134,0.1030558
SBV2-ALL92-G224-C01,0.023788653,0.94507897,0.031132443,-0.0073437896,0.0073437896,0.94507897,0.2503336
SBV2-ALL92-G224-C02,0.024041723,0.9456964,0.03026192,-0.0062201973,0.0062201973,0.9456964,0.24828053
SBV2-ALL92-G224-C03,0.017709777,0.8780699,0.10422036,-0.086510584,0.086510584,0.8780699,0.42127755
SBV2-ALL92-G224-C04,0.022620736,0.8288119,0.14856741,-0.12594667,0.12594667,0.8288119,0.5246028
SBV2-ALL92-G226-C01,0.017310089,0.9760326,0.0066573634,0.010652725,-0.010652725,0.9760326,0.12726255
SBV2-ALL92-G226-C02,0.07026654,0.91624594,0.013487595,0.05677894,-0.05677894,0.91624594,0.32481182
SBV2-ALL92-G226-C03,0.02954381,0.9654187,0.0050374973,0.024506312,-0.024506312,0.9654187,0.16467877
SBV2-ALL92-G226-C04,0.038653255,0.9391944,0.022152297,0.016500957,-0.016500957,0.9391944,0.2690583
SBV2-ALL92-G232-C01,0.05623866,0.82886475,0.114896566,-0.058657907,0.058657907,0.82886475,0.56604415
SBV2-ALL92-G232-C02,0.21272872,0.68966687,0.09760439,0.11512434,-0.11512434,0.68966687,0.8126007
SBV2-ALL92-G232-C03,0.08220124,0.80271196,0.1150869,-0.032885656,0.032885656,0.80271196,0.6306159
SBV2-ALL92-G232-C04,0.03189451,0.356368,0.6117375,-0.579843,0.579843,0.6117375,0.7782239
SBV2-ALL92-G233-C01,0.4117645,0.35843524,0.22980028,0.18196422,-0.18196422,0.4117645,1.071049
SBV2-ALL92-G233-C02,0.02180886,0.9312955,0.046895683,-0.025086822,0.025086822,0.9312955,0.2932096
SBV2-ALL92-G233-C03,0.017026283,0.8871494,0.09582429,-0.078798,0.078798,0.8871494,0.4003078
SBV2-ALL92-G233-C04,0.0035871796,0.02451272,0.9719001,-0.9683129,0.9683129,0.9719001,0.13880552
SBV2-ALL92-G234-C01,0.6697495,0.2625185,0.06773204,0.60201746,-0.60201746,0.6697495,0.8019191
SBV2-ALL92-G234-C02,0.76453257,0.1508779,0.084589586,0.67994297,-0.67994297,0.76453257,0.69955444
SBV2-ALL92-G234-C03,0.5726686,0.32477427,0.1025571,0.47011152,-0.47011152,0.5726686,0.9180392
SBV2-ALL92-G234-C04,0.039546765,0.14699878,0.8134545,-0.7739077,0.7739077,0.8134545,0.57754225
SBV2-ALL92-G248-C01,0.46039551,0.41705602,0.12254839,0.3378471,-0.3378471,0.46039551,0.9791043
SBV2-ALL92-G248-C02,0.14321376,0.69002897,0.16675732,-0.023543552,0.023543552,0.69002897,0.8330381
SBV2-ALL92-G248-C03,0.03785911,0.93309116,0.029049732,0.0088093765,-0.0088093765,0.93309116,0.29136473
SBV2-ALL92-G248-C04,0.004566855,0.04004208,0.9553911,-0.95082426,0.95082426,0.9553911,0.19705763
SBV2-ALL92-G251-C01,0.5568558,0.36036897,0.08277525,0.47408056,-0.47408056,0.5568558,0.9000579
SBV2-ALL92-G251-C02,0.05708434,0.8865554,0.056360386,0.0007239543,-0.0007239543,0.8865554,0.43228883
SBV2-ALL92-G251-C03,0.10187824,0.82618964,0.07193216,0.029946081,-0.029946081,0.82618964,0.57976043
SBV2-ALL92-G251-C04,0.017495908,0.04606352,0.9364405,-0.9189446,0.9189446,0.9364405,0.27405137
SBV2-ALL92-G252-C01,0.071917005,0.9152801,0.012802943,0.05911406,-0.05911406,0.9152801,0.32612455
SBV2-ALL92-G252-C02,0.5259426,0.40410218,0.06995515,0.45598748,-0.45598748,0.5259426,0.8901771
SBV2-ALL92-G252-C03,0.24554443,0.71852887,0.035926767,0.20961767,-0.20961767,0.71852887,0.701824
SBV2-ALL92-G252-C04,0.04651589,0.92014664,0.033337444,0.013178445,-0.013178445,0.92014664,0.33266872
SBV2-ALL92-G253-C01,0.01596866,0.9348816,0.049149696,-0.033181034,0.033181034,0.9348816,0.27709734
SBV2-ALL92-G253-C02,0.019835316,0.9330546,0.047110096,-0.02727478,0.02727478,0.9330546,0.28634697
SBV2-ALL92-G253-C03,0.4033857,0.47488403,0.1217302,0.2816555,-0.2816555,0.47488403,0.97621495
SBV2-ALL92-G253-C04,0.030285146,0.19124809,0.7784668,-0.7481817,0.7481817,0.7784668,0.6172202
SBV2-ALL92-G254-C01,0.033287834,0.95349926,0.013212825,0.020075008,-0.020075008,0.95349926,0.21583256
SBV2-ALL92-G254-C02,0.030388216,0.9633403,0.006271501,0.024116714,-0.024116714,0.9633403,0.17395413
SBV2-ALL92-G254-C03,0.04244823,0.90735084,0.050200913,-0.007752683,0.007752683,0.90735084,0.37251925
SBV2-ALL92-G254-C04,0.022883018,0.2859512,0.69116586,-0.66828287,0.66828287,0.69116586,0.6997292
SBV2-ALL92-G255-C01,0.5872473,0.3498098,0.06294283,0.5243045,-0.5243045,0.5872473,0.8540955
SBV2-ALL92-G255-C02,0.0069689364,0.9825958,0.010435262,-0.0034663253,0.0034663253,0.9825958,0.09947319
SBV2-ALL92-G255-C03,0.007637716,0.9861145,0.0062477826,0.0013899333,-0.0013899333,0.9861145,0.08273069
SBV2-ALL92-G255-C04,0.027724912,0.3698644,0.6024107,-0.57468575,0.57468575,0.6024107,0.772591
SBV2-ALL92-G256-C01,0.031677358,0.8558048,0.11251783,-0.080840476,0.080840476,0.8558048,0.48842636
SBV2-ALL92-G256-C02,0.0038429366,0.9724689,0.023688074,-0.019845137,0.019845137,0.9724689,0.13718048
SBV2-ALL92-G256-C03,0.004098712,0.97447,0.021431278,-0.017332567,0.017332567,0.97447,0.1300906
SBV2-ALL92-G256-C04,0.01111326,0.9440912,0.044795457,-0.033682197,0.033682197,0.9440912,0.24344027
SBV2-ALL92-G257-C01,0.044030745,0.7881548,0.16781442,-0.12378368,0.12378368,0.7881548,0.6246623
SBV2-ALL92-G257-C02,0.053331926,0.7520306,0.1946375,-0.14130558,0.14130558,0.7520306,0.68918693
SBV2-ALL92-G257-C03,0.08487165,0.3111796,0.6039487,-0.51907706,0.51907706,0.6039487,0.87716293
SBV2-ALL92-G257-C04,0.11251001,0.7639332,0.12355678,-0.011046767,0.011046767,0.7639332,0.70987415
SBV2-ALL92-G259-C01,0.3380671,0.3465665,0.31536642,0.022700697,-0.022700697,0.3465665,1.0978264
SBV2-ALL92-G259-C02,0.0072705634,0.7816864,0.211043,-0.20377244,0.20377244,0.7816864,0.5566485
SBV2-ALL92-G259-C03,0.2028361,0.4552239,0.34194,-0.13910389,0.13910389,0.4552239,1.0487844
SBV2-ALL92-G259-C04,0.00832395,0.046570618,0.9451054,-0.9367814,0.9367814,0.9451054,0.23604186
SBV2-ALL92-G261-C01,0.12702127,0.78422976,0.088749014,0.038272254,-0.038272254,0.78422976,0.6676504
SBV2-ALL92-G261-C02,0.10963441,0.78441155,0.10595399,0.0036804155,-0.0036804155,0.78441155,0.67067045
SBV2-ALL92-G261-C03,0.011079323,0.97871196,0.0102086635,0.000870659,-0.000870659,0.97871196,0.117748216
SBV2-ALL92-G261-C04,0.20501207,0.21461368,0.58037424,-0.37536216,0.37536216,0.58037424,0.9709235
SBV2-ALL92-G264-C01,0.35634485,0.58316344,0.06049171,0.29585314,-0.29585314,0.58316344,0.8518839
SBV2-ALL92-G264-C02,0.019557469,0.9351152,0.04532726,-0.025769792,0.025769792,0.9351152,0.27991515
SBV2-ALL92-G264-C03,0.32167938,0.5133596,0.16496104,0.15671834,-0.15671834,0.5133596,1.0044134
SBV2-ALL92-G264-C04,0.010298331,0.31747574,0.67222595,-0.66192764,0.66192764,0.67222595,0.67836165
SBV2-ALL92-G266-C01,0.94155276,0.027552519,0.03089471,0.91065806,-0.91065806,0.94155276,0.2630904
SBV2-ALL92-G266-C02,0.9372179,0.038889747,0.023892388,0.9133255,-0.9133255,0.9372179,0.27626354
SBV2-ALL92-G266-C03,0.19564809,0.50657713,0.29777482,-0.10212673,0.10212673,0.50657713,1.0244297
SBV2-ALL92-G266-C04,0.078774884,0.076968916,0.84425616,-0.7654813,0.7654813,0.84425616,0.5404872
SBV2-ALL92-G271-C01,0.877125,0.1052087,0.017666262,0.85945874,-0.85945874,0.877125,0.42320883
SBV2-ALL92-G271-C02,0.12790948,0.8010131,0.071077384,0.056832097,-0.056832097,0.8010131,0.628692
SBV2-ALL92-G271-C03,0.77021366,0.18372256,0.046063766,0.7241499,-0.7241499,0.77021366,0.65415114
SBV2-ALL92-G271-C04,0.03833933,0.5872749,0.37438574,-0.3360464,0.3360464,0.5872749,0.80544174
SBV2-ALL92-G272-C01,0.2695954,0.5330876,0.19731696,0.072278455,-0.072278455,0.5330876,1.0089781
SBV2-ALL92-G272-C02,0.26172754,0.5268921,0.21138033,0.05034721,-0.05034721,0.5268921,1.0169495
SBV2-ALL92-G272-C03,0.032619018,0.9282582,0.039122734,-0.006503716,0.006503716,0.9282582,0.30755365
SBV2-ALL92-G272-C04,0.010527455,0.97644424,0.01302834,-0.0025008852,0.0025008852,0.97644424,0.12776688
