method,seed,flat4_macro_f1,flat4_strong_f1,flat4_supported_f1,flat4_mild_f1,flat4_contradiction_f1,strong_positive_f1,strong_precision,strong_recall,escalation_macro_f1,escalation_positive_f1,contradiction_macro_f1,contradiction_positive_f1,supported_to_strong_rate,mild_to_strong_rate
R4_conservative_strong,11,0.3787998338870432,0.375,0.5116279069767442,0.0,0.6285714285714286,0.375,0.375,0.375,0.6322845417236662,0.7529411764705882,0.7443932411674348,0.6285714285714286,0.1875,0.25
A1_temp_scaled_router,11,0.4089362574298012,0.47058823529411764,0.5365853658536586,0.0,0.6285714285714286,0.47058823529411764,0.4444444444444444,0.5,0.6590972806279787,0.7816091954022989,0.7443932411674348,0.6285714285714286,0.1875,0.25
A2_isotonic_router,11,0.3226984126984127,0.2222222222222222,0.0,0.44,0.6285714285714286,0.2222222222222222,0.2727272727272727,0.1875,0.42857142857142855,0.8571428571428571,0.7443932411674348,0.6285714285714286,0.1875,0.1875
A3_platt_router,11,0.3346824228403176,0.18181818181818182,0.10526315789473684,0.4230769230769231,0.6285714285714286,0.18181818181818182,0.3333333333333333,0.125,0.47464992757122165,0.8440366972477065,0.7443932411674348,0.6285714285714286,0.0625,0.125
B_cost_sensitive_cw1.5,11,0.3226984126984127,0.2222222222222222,0.0,0.44,0.6285714285714286,0.2222222222222222,0.2727272727272727,0.1875,0.42857142857142855,0.8571428571428571,0.7443932411674348,0.6285714285714286,0.1875,0.1875
B_cost_sensitive_cw2.0,11,0.3787998338870432,0.375,0.5116279069767442,0.0,0.6285714285714286,0.375,0.375,0.375,0.6322845417236662,0.7529411764705882,0.7443932411674348,0.6285714285714286,0.1875,0.25
B_cost_sensitive_cw3.0,11,0.3787998338870432,0.375,0.5116279069767442,0.0,0.6285714285714286,0.375,0.375,0.375,0.6322845417236662,0.7529411764705882,0.7443932411674348,0.6285714285714286,0.1875,0.25
B_cost_sensitive_cw4.0,11,0.4089362574298012,0.47058823529411764,0.5365853658536586,0.0,0.6285714285714286,0.47058823529411764,0.4444444444444444,0.5,0.6590972806279787,0.7816091954022989,0.7443932411674348,0.6285714285714286,0.1875,0.25
C_ordinal_severity,11,0.30105263157894735,0.3508771929824561,0.0,0.32,0.5333333333333333,0.3508771929824561,0.24390243902439024,0.625,0.42857142857142855,0.8571428571428571,0.6952380952380952,0.5333333333333333,0.75,0.6875
D1_ovr_contra_priority,11,0.3849668349668349,0.2702702702702703,0.3076923076923077,0.3333333333333333,0.6285714285714286,0.2702702702702703,0.23809523809523808,0.3125,0.5656108597285068,0.8235294117647058,0.7443932411674348,0.6285714285714286,0.375,0.375
D2_ovr_strong_priority,11,0.3531135531135531,0.23809523809523808,0.3076923076923077,0.3333333333333333,0.5333333333333333,0.23809523809523808,0.19230769230769232,0.3125,0.5656108597285068,0.8235294117647058,0.6952380952380952,0.5333333333333333,0.4375,0.4375
D3_ovr_max_prob,11,0.351143648018648,0.18181818181818182,0.41025641025641024,0.25,0.5625,0.18181818181818182,0.17647058823529413,0.1875,0.5759147219821377,0.7415730337078652,0.7083333333333333,0.5625,0.3125,0.1875
E_error_corrector_r4,11,0.31262567220014026,0.15384615384615385,0.46808510638297873,0.0,0.6285714285714286,0.15384615384615385,0.2,0.125,0.5797215655371684,0.691358024691358,0.7443932411674348,0.6285714285714286,0.1875,0.125
F_recall_balance_router,11,0.3226783020900668,0.23076923076923078,0.0,0.43137254901960786,0.6285714285714286,0.23076923076923078,0.3,0.1875,0.42857142857142855,0.8571428571428571,0.7443932411674348,0.6285714285714286,0.125,0.1875
R4_conservative_strong,22,0.47568351691581434,0.375,0.43902439024390244,0.25,0.8387096774193549,0.375,0.375,0.375,0.5873282870759742,0.735632183908046,0.8935816428333887,0.8387096774193549,0.25,0.3125
A1_temp_scaled_router,22,0.47568351691581434,0.375,0.43902439024390244,0.25,0.8387096774193549,0.375,0.375,0.375,0.5873282870759742,0.735632183908046,0.8935816428333887,0.8387096774193549,0.25,0.3125
A2_isotonic_router,22,0.4816286388670339,0.4878048780487805,0.5,0.1,0.8387096774193549,0.4878048780487805,0.4,0.625,0.6521739130434783,0.8043478260869565,0.8935816428333887,0.8387096774193549,0.3125,0.5
A3_platt_router,22,0.49785923753665695,0.4,0.2727272727272727,0.48,0.8387096774193549,0.4,0.5555555555555556,0.3125,0.5608919382504288,0.8490566037735849,0.8935816428333887,0.8387096774193549,0.0625,0.125
B_cost_sensitive_cw1.5,22,0.46848308737103306,0.46153846153846156,0.47368421052631576,0.1,0.8387096774193549,0.46153846153846156,0.391304347826087,0.5625,0.6257309941520468,0.7777777777777778,0.8935816428333887,0.8387096774193549,0.3125,0.5
B_cost_sensitive_cw2.0,22,0.4802401899176093,0.42424242424242425,0.47619047619047616,0.18181818181818182,0.8387096774193549,0.42424242424242425,0.4117647058823529,0.4375,0.6101882613510521,0.7441860465116279,0.8935816428333887,0.8387096774193549,0.1875,0.375
B_cost_sensitive_cw3.0,22,0.47568351691581434,0.375,0.43902439024390244,0.25,0.8387096774193549,0.375,0.375,0.375,0.5873282870759742,0.735632183908046,0.8935816428333887,0.8387096774193549,0.25,0.3125
B_cost_sensitive_cw4.0,22,0.4449046920821115,0.4,0.45,0.09090909090909091,0.8387096774193549,0.4,0.3684210526315789,0.4375,0.6,0.75,0.8935816428333887,0.8387096774193549,0.25,0.4375
C_ordinal_severity,22,0.39802918957808725,0.4918032786885246,0.0,0.2727272727272727,0.8275862068965517,0.4918032786885246,0.3333333333333333,0.9375,0.42857142857142855,0.8571428571428571,0.8885405781957506,0.8275862068965517,0.8125,0.8125
D1_ovr_contra_priority,22,0.4152896642527979,0.40816326530612246,0.21428571428571427,0.2,0.8387096774193549,0.40816326530612246,0.30303030303030304,0.625,0.49714285714285716,0.78,0.8935816428333887,0.8387096774193549,0.6875,0.625
D2_ovr_strong_priority,22,0.41831111755046846,0.43137254901960786,0.21428571428571427,0.2,0.8275862068965517,0.43137254901960786,0.3142857142857143,0.6875,0.49714285714285716,0.78,0.8885405781957506,0.8275862068965517,0.6875,0.625
D3_ovr_max_prob,22,0.501002331002331,0.38461538461538464,0.48,0.2727272727272727,0.8666666666666667,0.38461538461538464,0.5,0.3125,0.5733333333333333,0.6666666666666666,0.9129251700680272,0.8666666666666667,0.1875,0.0625
E_error_corrector_r4,22,0.47932624878627683,0.34782608695652173,0.5,0.23076923076923078,0.8387096774193549,0.34782608695652173,0.5714285714285714,0.25,0.6,0.7,0.8935816428333887,0.8387096774193549,0.0625,0.0625
F_recall_balance_router,22,0.47568351691581434,0.375,0.43902439024390244,0.25,0.8387096774193549,0.375,0.375,0.375,0.5873282870759742,0.735632183908046,0.8935816428333887,0.8387096774193549,0.25,0.3125
R4_conservative_strong,33,0.46616718036155375,0.4444444444444444,0.34782608695652173,0.3076923076923077,0.7647058823529411,0.4444444444444444,0.3448275862068966,0.625,0.6024844720496894,0.8571428571428571,0.8397997496871088,0.7647058823529411,0.5,0.5
A1_temp_scaled_router,33,0.46616718036155375,0.4444444444444444,0.34782608695652173,0.3076923076923077,0.7647058823529411,0.4444444444444444,0.3448275862068966,0.625,0.6024844720496894,0.8571428571428571,0.8397997496871088,0.7647058823529411,0.5,0.5
A2_isotonic_router,33,0.4686764705882353,0.25,0.56,0.3,0.7647058823529411,0.25,0.375,0.1875,0.6389743589743591,0.717948717948718,0.8397997496871088,0.7647058823529411,0.125,0.0625
A3_platt_router,33,0.4453144894321365,0.18181818181818182,0.5490196078431373,0.2857142857142857,0.7647058823529411,0.18181818181818182,0.3333333333333333,0.125,0.6251591545709193,0.7012987012987013,0.8397997496871088,0.7647058823529411,0.125,0.0625
B_cost_sensitive_cw1.5,33,0.47034313725490196,0.45,0.3333333333333333,0.3333333333333333,0.7647058823529411,0.45,0.375,0.5625,0.5897435897435898,0.8461538461538461,0.8397997496871088,0.7647058823529411,0.375,0.375
B_cost_sensitive_cw2.0,33,0.4452614379084967,0.3888888888888889,0.3333333333333333,0.29411764705882354,0.7647058823529411,0.3888888888888889,0.35,0.4375,0.5897435897435898,0.8461538461538461,0.8397997496871088,0.7647058823529411,0.25,0.375
B_cost_sensitive_cw3.0,33,0.46584343003780343,0.45454545454545453,0.34782608695652173,0.2962962962962963,0.7647058823529411,0.45454545454545453,0.35714285714285715,0.625,0.6024844720496894,0.8571428571428571,0.8397997496871088,0.7647058823529411,0.4375,0.5
B_cost_sensitive_cw4.0,33,0.44486197427373897,0.3783783783783784,0.3333333333333333,0.30303030303030304,0.7647058823529411,0.3783783783783784,0.3333333333333333,0.4375,0.5897435897435898,0.8461538461538461,0.8397997496871088,0.7647058823529411,0.3125,0.375
C_ordinal_severity,33,0.45413961038961037,0.42857142857142855,0.2857142857142857,0.375,0.7272727272727273,0.42857142857142855,0.34615384615384615,0.5625,0.5727636849132176,0.8598130841121495,0.816267942583732,0.7272727272727273,0.375,0.4375
D1_ovr_contra_priority,33,0.398377557544757,0.391304347826087,0.0,0.4375,0.7647058823529411,0.391304347826087,0.3,0.5625,0.42857142857142855,0.8571428571428571,0.8397997496871088,0.7647058823529411,0.625,0.5
D2_ovr_strong_priority,33,0.38609913793103445,0.20689655172413793,0.25,0.4,0.6875,0.20689655172413793,0.23076923076923078,0.1875,0.5,0.75,0.7916666666666667,0.6875,0.25,0.25
D3_ovr_max_prob,33,0.4004327274388016,0.2608695652173913,0.5357142857142857,0.11764705882352941,0.6875,0.2608695652173913,0.42857142857142855,0.1875,0.5873015873015872,0.6388888888888888,0.7916666666666667,0.6875,0.0625,0.0625
E_error_corrector_r4,33,0.5002424046541694,0.3076923076923077,0.5,0.42857142857142855,0.7647058823529411,0.3076923076923077,0.4,0.25,0.6363636363636364,0.7727272727272727,0.8397997496871088,0.7647058823529411,0.125,0.125
F_recall_balance_router,33,0.4452614379084967,0.3888888888888889,0.3333333333333333,0.29411764705882354,0.7647058823529411,0.3888888888888889,0.35,0.4375,0.5897435897435898,0.8461538461538461,0.8397997496871088,0.7647058823529411,0.25,0.375
R4_conservative_strong,44,0.4112554112554112,0.45454545454545453,0.19047619047619047,0.2222222222222222,0.7777777777777778,0.45454545454545453,0.35714285714285715,0.625,0.5157988429016467,0.8411214953271028,0.8454106280193237,0.7777777777777778,0.5,0.5625
A1_temp_scaled_router,44,0.4344608879492601,0.46511627906976744,0.2727272727272727,0.2222222222222222,0.7777777777777778,0.46511627906976744,0.37037037037037035,0.625,0.5608919382504288,0.8490566037735849,0.8454106280193237,0.7777777777777778,0.4375,0.5625
A2_isotonic_router,44,0.47564960943727086,0.47058823529411764,0.5365853658536586,0.11764705882352941,0.7777777777777778,0.47058823529411764,0.4444444444444444,0.5,0.6590972806279787,0.7816091954022989,0.8454106280193237,0.7777777777777778,0.1875,0.375
A3_platt_router,44,0.48534303534303536,0.38461538461538464,0.4,0.4,0.7567567567567568,0.38461538461538464,0.5,0.3125,0.6271844660194175,0.8543689320388349,0.828927828927829,0.7567567567567568,0.125,0.1875
B_cost_sensitive_cw1.5,44,0.47564960943727086,0.47058823529411764,0.5365853658536586,0.11764705882352941,0.7777777777777778,0.47058823529411764,0.4444444444444444,0.5,0.6590972806279787,0.7816091954022989,0.8454106280193237,0.7777777777777778,0.1875,0.375
B_cost_sensitive_cw2.0,44,0.43068137824235386,0.4878048780487805,0.45714285714285713,0.0,0.7777777777777778,0.4878048780487805,0.4,0.625,0.6264208909370199,0.7956989247311828,0.8454106280193237,0.7777777777777778,0.375,0.5
B_cost_sensitive_cw3.0,44,0.43068137824235386,0.4878048780487805,0.45714285714285713,0.0,0.7777777777777778,0.4878048780487805,0.4,0.625,0.6264208909370199,0.7956989247311828,0.8454106280193237,0.7777777777777778,0.375,0.5
B_cost_sensitive_cw4.0,44,0.4899276377217554,0.5142857142857142,0.55,0.11764705882352941,0.7777777777777778,0.5142857142857142,0.47368421052631576,0.5625,0.6727272727272727,0.7954545454545454,0.8454106280193237,0.7777777777777778,0.1875,0.375
C_ordinal_severity,44,0.4438925665482305,0.25806451612903225,0.38461538461538464,0.4186046511627907,0.7142857142857143,0.25806451612903225,0.26666666666666666,0.25,0.6138763197586727,0.8431372549019608,0.8171428571428572,0.7142857142857143,0.25,0.1875
D1_ovr_contra_priority,44,0.4223290598290599,0.3076923076923077,0.15384615384615385,0.45,0.7777777777777778,0.3076923076923077,0.4,0.25,0.46907993966817496,0.7843137254901961,0.8454106280193237,0.7777777777777778,0.1875,0.125
D2_ovr_strong_priority,44,0.44128411910669973,0.3225806451612903,0.15384615384615385,0.45,0.8387096774193549,0.3225806451612903,0.3333333333333333,0.3125,0.46907993966817496,0.7843137254901961,0.8935816428333887,0.8387096774193549,0.25,0.25
D3_ovr_max_prob,44,0.3816919191919192,0.2222222222222222,0.4166666666666667,0.1,0.7878787878787878,0.2222222222222222,0.2727272727272727,0.1875,0.5333333333333333,0.65,0.857097288676236,0.7878787878787878,0.25,0.125
E_error_corrector_r4,44,0.4071534745447789,0.41025641025641024,0.17391304347826086,0.26666666666666666,0.7777777777777778,0.41025641025641024,0.34782608695652173,0.5,0.49648033126293994,0.819047619047619,0.8454106280193237,0.7777777777777778,0.4375,0.4375
F_recall_balance_router,44,0.48285385785385787,0.38095238095238093,0.38461538461538464,0.4090909090909091,0.7567567567567568,0.38095238095238093,0.8,0.25,0.6138763197586727,0.8431372549019608,0.828927828927829,0.7567567567567568,0.0,0.0625
R4_conservative_strong,55,0.3690649224806202,0.37209302325581395,0.4375,0.0,0.6666666666666666,0.37209302325581395,0.2962962962962963,0.5,0.625,0.8125,0.7681159420289855,0.6666666666666666,0.5,0.5625
A1_temp_scaled_router,55,0.397086602731764,0.3225806451612903,0.43243243243243246,0.16666666666666666,0.6666666666666666,0.3225806451612903,0.3333333333333333,0.3125,0.6008316008316008,0.7692307692307693,0.7681159420289855,0.6666666666666666,0.3125,0.3125
A2_isotonic_router,55,0.3388543823326432,0.1111111111111111,0.43478260869565216,0.14285714285714285,0.6666666666666666,0.1111111111111111,0.5,0.0625,0.5588547189819725,0.6829268292682927,0.7681159420289855,0.6666666666666666,0.0,0.0625
A3_platt_router,55,0.3388543823326432,0.1111111111111111,0.43478260869565216,0.14285714285714285,0.6666666666666666,0.1111111111111111,0.5,0.0625,0.5588547189819725,0.6829268292682927,0.7681159420289855,0.6666666666666666,0.0,0.0625
B_cost_sensitive_cw1.5,55,0.3795269770879527,0.36363636363636365,0.4878048780487805,0.0,0.6666666666666666,0.36363636363636365,0.35294117647058826,0.375,0.6232127838519764,0.7586206896551724,0.7681159420289855,0.6666666666666666,0.3125,0.3125
B_cost_sensitive_cw2.0,55,0.3690649224806202,0.37209302325581395,0.4375,0.0,0.6666666666666666,0.37209302325581395,0.2962962962962963,0.5,0.625,0.8125,0.7681159420289855,0.6666666666666666,0.5,0.5625
B_cost_sensitive_cw3.0,55,0.3690649224806202,0.37209302325581395,0.4375,0.0,0.6666666666666666,0.37209302325581395,0.2962962962962963,0.5,0.625,0.8125,0.7681159420289855,0.6666666666666666,0.5,0.5625
B_cost_sensitive_cw4.0,55,0.38026315789473686,0.26666666666666666,0.42105263157894735,0.16666666666666666,0.6666666666666666,0.26666666666666666,0.2857142857142857,0.25,0.5883040935672514,0.7555555555555555,0.7681159420289855,0.6666666666666666,0.3125,0.3125
C_ordinal_severity,55,0.31031073446327684,0.1,0.0,0.4745762711864407,0.6666666666666666,0.1,0.25,0.0625,0.42857142857142855,0.8571428571428571,0.775438596491228,0.6666666666666666,0.0,0.0625
D1_ovr_contra_priority,55,0.37938565999258433,0.1935483870967742,0.3125,0.3448275862068966,0.6666666666666666,0.1935483870967742,0.2,0.1875,0.5416666666666667,0.7708333333333334,0.7681159420289855,0.6666666666666666,0.3125,0.25
D2_ovr_strong_priority,55,0.38531006054459405,0.1875,0.30303030303030304,0.3448275862068966,0.7058823529411765,0.1875,0.1875,0.1875,0.5304625199362042,0.7578947368421053,0.799749687108886,0.7058823529411765,0.3125,0.3125
D3_ovr_max_prob,55,0.3481527093596059,0.20689655172413793,0.5,0.0,0.6857142857142857,0.20689655172413793,0.23076923076923078,0.1875,0.6,0.7,0.7837173579109062,0.6857142857142857,0.1875,0.25
E_error_corrector_r4,55,0.39534802231379473,0.2727272727272727,0.46808510638297873,0.17391304347826086,0.6666666666666666,0.2727272727272727,0.5,0.1875,0.5797215655371684,0.691358024691358,0.7681159420289855,0.6666666666666666,0.125,0.0625
F_recall_balance_router,55,0.3388543823326432,0.1111111111111111,0.43478260869565216,0.14285714285714285,0.6666666666666666,0.1111111111111111,0.5,0.0625,0.5588547189819725,0.6829268292682927,0.7681159420289855,0.6666666666666666,0.0,0.0625
R4_conservative_strong,66,0.39229578010065813,0.43902439024390244,0.4444444444444444,0.0,0.6857142857142857,0.43902439024390244,0.36,0.5625,0.6135265700483092,0.782608695652174,0.7837173579109062,0.6857142857142857,0.4375,0.5
A1_temp_scaled_router,66,0.39229578010065813,0.43902439024390244,0.4444444444444444,0.0,0.6857142857142857,0.43902439024390244,0.36,0.5625,0.6135265700483092,0.782608695652174,0.7837173579109062,0.6857142857142857,0.4375,0.5
A2_isotonic_router,66,0.41805475226527855,0.47368421052631576,0.5128205128205128,0.0,0.6857142857142857,0.47368421052631576,0.4090909090909091,0.5625,0.6496686833765486,0.7865168539325843,0.7837173579109062,0.6857142857142857,0.3125,0.4375
A3_platt_router,66,0.4303759398496241,0.32,0.4,0.3157894736842105,0.6857142857142857,0.32,0.4444444444444444,0.25,0.6081632653061224,0.8163265306122449,0.7837173579109062,0.6857142857142857,0.125,0.1875
B_cost_sensitive_cw1.5,66,0.3444782168186423,0.425531914893617,0.26666666666666666,0.0,0.6857142857142857,0.425531914893617,0.3225806451612903,0.625,0.5210884353741496,0.7755102040816326,0.7837173579109062,0.6857142857142857,0.6875,0.5625
B_cost_sensitive_cw2.0,66,0.4141369047619048,0.4375,0.5333333333333333,0.0,0.6857142857142857,0.4375,0.4375,0.4375,0.640160642570281,0.7469879518072289,0.7837173579109062,0.6857142857142857,0.1875,0.375
B_cost_sensitive_cw3.0,66,0.40449090205187765,0.4878048780487805,0.4444444444444444,0.0,0.6857142857142857,0.4878048780487805,0.4,0.625,0.6135265700483092,0.782608695652174,0.7837173579109062,0.6857142857142857,0.4375,0.4375
B_cost_sensitive_cw4.0,66,0.39064881766660153,0.46511627906976744,0.4117647058823529,0.0,0.6857142857142857,0.46511627906976744,0.37037037037037035,0.625,0.5994993742177722,0.7872340425531915,0.7837173579109062,0.6857142857142857,0.5,0.5
C_ordinal_severity,66,0.3625478738105579,0.37209302325581395,0.0,0.3684210526315789,0.7096774193548387,0.37209302325581395,0.2962962962962963,0.5,0.42857142857142855,0.8571428571428571,0.8084469571000998,0.7096774193548387,0.5625,0.4375
D1_ovr_contra_priority,66,0.3158935073532889,0.37735849056603776,0.10526315789473684,0.09523809523809523,0.6857142857142857,0.37735849056603776,0.2702702702702703,0.625,0.47464992757122165,0.8440366972477065,0.7837173579109062,0.6857142857142857,0.6875,0.8125
D2_ovr_strong_priority,66,0.36435897435897435,0.16,0.38095238095238093,0.23076923076923078,0.6857142857142857,0.16,0.2222222222222222,0.125,0.539313399778516,0.6976744186046512,0.7837173579109062,0.6857142857142857,0.1875,0.1875
D3_ovr_max_prob,66,0.3768003034547152,0.1875,0.4117647058823529,0.2222222222222222,0.6857142857142857,0.1875,0.1875,0.1875,0.5994993742177722,0.7872340425531915,0.7837173579109062,0.6857142857142857,0.375,0.3125
E_error_corrector_r4,66,0.3971977408849719,0.35294117647058826,0.43902439024390244,0.1111111111111111,0.6857142857142857,0.35294117647058826,0.3333333333333333,0.375,0.5873282870759742,0.735632183908046,0.7837173579109062,0.6857142857142857,0.375,0.3125
F_recall_balance_router,66,0.4265360983102919,0.3,0.3870967741935484,0.3333333333333333,0.6857142857142857,0.3,0.75,0.1875,0.5956102427668772,0.8041237113402062,0.7837173579109062,0.6857142857142857,0.0,0.0625
R4_conservative_strong,77,0.4376321974148061,0.34782608695652173,0.5,0.2,0.7027027027027027,0.34782608695652173,0.5714285714285714,0.25,0.6,0.7,0.7909117909117909,0.7027027027027027,0.0625,0.125
A1_temp_scaled_router,77,0.45611045828437136,0.4,0.5217391304347826,0.2,0.7027027027027027,0.4,0.5555555555555556,0.3125,0.6267232237539766,0.7317073170731707,0.7909117909117909,0.7027027027027027,0.0625,0.1875
A2_isotonic_router,77,0.4743936243936244,0.46153846153846156,0.5333333333333333,0.2,0.7027027027027027,0.46153846153846156,0.6,0.375,0.640160642570281,0.7469879518072289,0.7909117909117909,0.7027027027027027,0.0625,0.1875
A3_platt_router,77,0.40330725462304406,0.21052631578947367,0.5,0.2,0.7027027027027027,0.21052631578947367,0.6666666666666666,0.125,0.5789473684210527,0.6578947368421053,0.7909117909117909,0.7027027027027027,0.0,0.0625
B_cost_sensitive_cw1.5,77,0.4743936243936244,0.46153846153846156,0.5333333333333333,0.2,0.7027027027027027,0.46153846153846156,0.6,0.375,0.640160642570281,0.7469879518072289,0.7909117909117909,0.7027027027027027,0.0625,0.1875
B_cost_sensitive_cw2.0,77,0.4376321974148061,0.34782608695652173,0.5,0.2,0.7027027027027027,0.34782608695652173,0.5714285714285714,0.25,0.6,0.7,0.7909117909117909,0.7027027027027027,0.0625,0.125
B_cost_sensitive_cw3.0,77,0.4376321974148061,0.34782608695652173,0.5,0.2,0.7027027027027027,0.34782608695652173,0.5714285714285714,0.25,0.6,0.7,0.7909117909117909,0.7027027027027027,0.0625,0.125
B_cost_sensitive_cw4.0,77,0.4575019168104275,0.4166666666666667,0.5106382978723404,0.2,0.7027027027027027,0.4166666666666667,0.625,0.3125,0.6133438402941949,0.7160493827160493,0.7909117909117909,0.7027027027027027,0.0625,0.125
C_ordinal_severity,77,0.37428667670603155,0.4090909090909091,0.0,0.3783783783783784,0.7096774193548387,0.4090909090909091,0.32142857142857145,0.5625,0.42857142857142855,0.8571428571428571,0.8084469571000998,0.7096774193548387,0.375,0.5
D1_ovr_contra_priority,77,0.3733041341736994,0.43478260869565216,0.17391304347826086,0.18181818181818182,0.7027027027027027,0.43478260869565216,0.3333333333333333,0.625,0.49648033126293994,0.819047619047619,0.7909117909117909,0.7027027027027027,0.5625,0.5
D2_ovr_strong_priority,77,0.3555994729907773,0.4,0.17391304347826086,0.18181818181818182,0.6666666666666666,0.4,0.29411764705882354,0.625,0.49648033126293994,0.819047619047619,0.775438596491228,0.6666666666666666,0.5625,0.625
D3_ovr_max_prob,77,0.37259220108057317,0.30303030303030304,0.46511627906976744,0.0,0.7222222222222222,0.30303030303030304,0.29411764705882354,0.3125,0.5972640218878249,0.7294117647058823,0.8067632850241546,0.7222222222222222,0.25,0.375
E_error_corrector_r4,77,0.40337728263424855,0.21052631578947367,0.5098039215686274,0.19047619047619047,0.7027027027027027,0.21052631578947367,0.6666666666666666,0.125,0.5925642984466514,0.6753246753246753,0.7909117909117909,0.7027027027027027,0.0,0.0625
F_recall_balance_router,77,0.4376321974148061,0.34782608695652173,0.5,0.2,0.7027027027027027,0.34782608695652173,0.5714285714285714,0.25,0.6,0.7,0.7909117909117909,0.7027027027027027,0.0625,0.125
R4_conservative_strong,88,0.43710839598997486,0.42105263157894735,0.375,0.2857142857142857,0.6666666666666666,0.42105263157894735,0.36363636363636365,0.5,0.5833333333333333,0.7916666666666666,0.782312925170068,0.6666666666666666,0.25,0.4375
A1_temp_scaled_router,88,0.43710839598997486,0.42105263157894735,0.375,0.2857142857142857,0.6666666666666666,0.42105263157894735,0.36363636363636365,0.5,0.5833333333333333,0.7916666666666666,0.782312925170068,0.6666666666666666,0.25,0.4375
A2_isotonic_router,88,0.441004876349704,0.3888888888888889,0.36363636363636365,0.3448275862068966,0.6666666666666666,0.3888888888888889,0.35,0.4375,0.5712918660287081,0.7789473684210526,0.782312925170068,0.6666666666666666,0.25,0.375
A3_platt_router,88,0.4246455505279034,0.32,0.358974358974359,0.35294117647058826,0.6666666666666666,0.32,0.4444444444444444,0.25,0.5390377412849323,0.7191011235955056,0.782312925170068,0.6666666666666666,0.0625,0.125
B_cost_sensitive_cw1.5,88,0.42682314305032354,0.35294117647058826,0.34285714285714286,0.3448275862068966,0.6666666666666666,0.35294117647058826,0.3333333333333333,0.375,0.5477726574500767,0.7526881720430108,0.782312925170068,0.6666666666666666,0.25,0.3125
B_cost_sensitive_cw2.0,88,0.43710839598997486,0.42105263157894735,0.375,0.2857142857142857,0.6666666666666666,0.42105263157894735,0.36363636363636365,0.5,0.5833333333333333,0.7916666666666666,0.782312925170068,0.6666666666666666,0.25,0.4375
B_cost_sensitive_cw3.0,88,0.43710839598997486,0.42105263157894735,0.375,0.2857142857142857,0.6666666666666666,0.42105263157894735,0.36363636363636365,0.5,0.5833333333333333,0.7916666666666666,0.782312925170068,0.6666666666666666,0.25,0.4375
B_cost_sensitive_cw4.0,88,0.42708333333333326,0.375,0.3333333333333333,0.3333333333333333,0.6666666666666666,0.375,0.375,0.375,0.536231884057971,0.7391304347826086,0.782312925170068,0.6666666666666666,0.1875,0.25
C_ordinal_severity,88,0.36569007263922515,0.5084745762711864,0.0,0.24,0.7142857142857143,0.5084745762711864,0.3488372093023256,0.9375,0.42857142857142855,0.8571428571428571,0.8171428571428572,0.7142857142857143,0.625,0.75
D1_ovr_contra_priority,88,0.3349411264009079,0.37735849056603776,0.14285714285714285,0.10526315789473684,0.7142857142857143,0.37735849056603776,0.2702702702702703,0.625,0.4514285714285714,0.76,0.8171428571428572,0.7142857142857143,0.75,0.6875
D2_ovr_strong_priority,88,0.3067853199432147,0.36363636363636365,0.14285714285714285,0.10526315789473684,0.6153846153846154,0.36363636363636365,0.2564102564102564,0.625,0.4514285714285714,0.76,0.7586726998491704,0.6153846153846154,0.75,0.6875
D3_ovr_max_prob,88,0.44864993098688755,0.2608695652173913,0.4444444444444444,0.375,0.7142857142857143,0.2608695652173913,0.42857142857142855,0.1875,0.571619812583668,0.6987951807228916,0.8171428571428572,0.7142857142857143,0.0625,0.1875
E_error_corrector_r4,88,0.48759415789776317,0.48484848484848486,0.4117647058823529,0.3870967741935484,0.6666666666666666,0.48484848484848486,0.47058823529411764,0.5,0.5994993742177722,0.7872340425531915,0.782312925170068,0.6666666666666666,0.125,0.25
F_recall_balance_router,88,0.43710839598997486,0.42105263157894735,0.375,0.2857142857142857,0.6666666666666666,0.42105263157894735,0.36363636363636365,0.5,0.5833333333333333,0.7916666666666666,0.782312925170068,0.6666666666666666,0.25,0.4375
R4_conservative_strong,99,0.40349487418452934,0.32432432432432434,0.6,0.0,0.6896551724137931,0.32432432432432434,0.2857142857142857,0.375,0.7090909090909091,0.8181818181818182,0.7993730407523512,0.6896551724137931,0.1875,0.5
A1_temp_scaled_router,99,0.40349487418452934,0.32432432432432434,0.6,0.0,0.6896551724137931,0.32432432432432434,0.2857142857142857,0.375,0.7090909090909091,0.8181818181818182,0.7993730407523512,0.6896551724137931,0.1875,0.5
A2_isotonic_router,99,0.4139933517561777,0.38095238095238093,0.5853658536585366,0.0,0.6896551724137931,0.38095238095238093,0.3076923076923077,0.5,0.6949817774039809,0.8045977011494253,0.7993730407523512,0.6896551724137931,0.25,0.5625
A3_platt_router,99,0.3838721264367816,0.3125,0.5333333333333333,0.0,0.6896551724137931,0.3125,0.3125,0.3125,0.640160642570281,0.7469879518072289,0.7993730407523512,0.6896551724137931,0.1875,0.3125
B_cost_sensitive_cw1.5,99,0.4398963105859658,0.45454545454545453,0.6153846153846154,0.0,0.6896551724137931,0.45454545454545453,0.35714285714285715,0.625,0.7234226447709594,0.8314606741573034,0.7993730407523512,0.6896551724137931,0.25,0.5625
B_cost_sensitive_cw2.0,99,0.414519056261343,0.3684210526315789,0.6,0.0,0.6896551724137931,0.3684210526315789,0.3181818181818182,0.4375,0.7090909090909091,0.8181818181818182,0.7993730407523512,0.6896551724137931,0.1875,0.5
B_cost_sensitive_cw3.0,99,0.40349487418452934,0.32432432432432434,0.6,0.0,0.6896551724137931,0.32432432432432434,0.2857142857142857,0.375,0.7090909090909091,0.8181818181818182,0.7993730407523512,0.6896551724137931,0.1875,0.5
B_cost_sensitive_cw4.0,99,0.42975809392601,0.43478260869565216,0.5945945945945946,0.0,0.6896551724137931,0.43478260869565216,0.3333333333333333,0.625,0.7148797148797149,0.8351648351648352,0.7993730407523512,0.6896551724137931,0.3125,0.625
C_ordinal_severity,99,0.35392877680111723,0.3404255319148936,0.0,0.43243243243243246,0.6428571428571429,0.3404255319148936,0.25806451612903225,0.5,0.42857142857142855,0.8571428571428571,0.7714285714285715,0.6428571428571429,0.5625,0.4375
D1_ovr_contra_priority,99,0.3938423645320197,0.2857142857142857,0.25,0.35,0.6896551724137931,0.2857142857142857,0.2631578947368421,0.3125,0.5384615384615384,0.8269230769230769,0.7993730407523512,0.6896551724137931,0.25,0.375
D2_ovr_strong_priority,99,0.3938423645320197,0.2857142857142857,0.25,0.35,0.6896551724137931,0.2857142857142857,0.2631578947368421,0.3125,0.5384615384615384,0.8269230769230769,0.7993730407523512,0.6896551724137931,0.25,0.375
D3_ovr_max_prob,99,0.3959725563574802,0.20689655172413793,0.46511627906976744,0.2222222222222222,0.6896551724137931,0.20689655172413793,0.23076923076923078,0.1875,0.5972640218878249,0.7294117647058823,0.7993730407523512,0.6896551724137931,0.25,0.25
E_error_corrector_r4,99,0.3332471264367816,0.08,0.48,0.08333333333333333,0.6896551724137931,0.08,0.1111111111111111,0.0625,0.5733333333333333,0.6666666666666666,0.7993730407523512,0.6896551724137931,0.1875,0.125
F_recall_balance_router,99,0.40208858985141577,0.3333333333333333,0.5853658536585366,0.0,0.6896551724137931,0.3333333333333333,0.3,0.375,0.6949817774039809,0.8045977011494253,0.7993730407523512,0.6896551724137931,0.1875,0.5
R4_conservative_strong,111,0.4666427203065134,0.41379310344827586,0.5777777777777777,0.0,0.875,0.41379310344827586,0.46153846153846156,0.375,0.6744310575635877,0.7710843373493976,0.9166666666666667,0.875,0.125,0.3125
A1_temp_scaled_router,111,0.4666427203065134,0.41379310344827586,0.5777777777777777,0.0,0.875,0.41379310344827586,0.46153846153846156,0.375,0.6744310575635877,0.7710843373493976,0.9166666666666667,0.875,0.125,0.3125
A2_isotonic_router,111,0.4666427203065134,0.41379310344827586,0.5777777777777777,0.0,0.875,0.41379310344827586,0.46153846153846156,0.375,0.6744310575635877,0.7710843373493976,0.9166666666666667,0.875,0.125,0.3125
A3_platt_router,111,0.402644523326572,0.11764705882352941,0.48,0.13793103448275862,0.875,0.11764705882352941,1.0,0.0625,0.5733333333333333,0.6666666666666666,0.9166666666666667,0.875,0.0,0.0
B_cost_sensitive_cw1.5,111,0.4653761808367071,0.47368421052631576,0.5128205128205128,0.0,0.875,0.47368421052631576,0.4090909090909091,0.5625,0.6496686833765486,0.7865168539325843,0.9166666666666667,0.875,0.3125,0.5
B_cost_sensitive_cw2.0,111,0.46647727272727274,0.4,0.5909090909090909,0.0,0.875,0.4,0.42857142857142855,0.375,0.6883116883116883,0.7857142857142857,0.9166666666666667,0.875,0.125,0.375
B_cost_sensitive_cw3.0,111,0.4666427203065134,0.41379310344827586,0.5777777777777777,0.0,0.875,0.41379310344827586,0.46153846153846156,0.375,0.6744310575635877,0.7710843373493976,0.9166666666666667,0.875,0.125,0.3125
B_cost_sensitive_cw4.0,111,0.4914772727272727,0.5,0.5909090909090909,0.0,0.875,0.5,0.5,0.5,0.6883116883116883,0.7857142857142857,0.9166666666666667,0.875,0.125,0.375
C_ordinal_severity,111,0.41900157454883125,0.425531914893617,0.0,0.4117647058823529,0.8387096774193549,0.425531914893617,0.3225806451612903,0.625,0.42857142857142855,0.8571428571428571,0.8935816428333887,0.8387096774193549,0.625,0.5
D1_ovr_contra_priority,111,0.4357953707798909,0.09523809523809523,0.2857142857142857,0.42105263157894735,0.9411764705882353,0.09523809523809523,0.2,0.0625,0.5084485407066053,0.7311827956989247,0.9599499374217773,0.9411764705882353,0.1875,0.0625
D2_ovr_strong_priority,111,0.4078056426332288,0.44,0.0,0.36363636363636365,0.8275862068965517,0.44,0.3235294117647059,0.6875,0.42857142857142855,0.8571428571428571,0.8885405781957506,0.8275862068965517,0.625,0.5625
D3_ovr_max_prob,111,0.426638837353123,0.18181818181818182,0.4489795918367347,0.16666666666666666,0.9090909090909091,0.18181818181818182,0.3333333333333333,0.125,0.5536037199690003,0.6582278481012658,0.938755980861244,0.9090909090909091,0.125,0.0625
E_error_corrector_r4,111,0.4187145390070922,0.16666666666666666,0.5531914893617021,0.08,0.875,0.16666666666666666,0.25,0.125,0.6469661150512214,0.7407407407407407,0.9166666666666667,0.875,0.125,0.25
F_recall_balance_router,111,0.4207310508182601,0.2962962962962963,0.5116279069767442,0.0,0.875,0.2962962962962963,0.36363636363636365,0.25,0.6322845417236662,0.7529411764705882,0.9166666666666667,0.875,0.125,0.3125
